"id","url","extension","titre","parent_id","date"
"16","https://www.victrix.ca/wp-content/uploads/2022/02/logo.png","png","Logo","2","2022-02-01 16:39:49"
"148","https://www.victrix.ca/wp-content/uploads/2022/02/apropovictrix.png","png","apropoVictrix","2","2022-02-16 00:39:22"
"174","https://www.victrix.ca/wp-content/uploads/2022/02/istock-1299730469-1.png","png","concept digital sécurité","2","2022-02-17 15:31:04"
"2578","https://www.victrix.ca/wp-content/uploads/2022/04/home-a-propos.jpg","jpg","À propos de Victrix","2","2022-04-26 17:15:57"
"2733","https://www.victrix.ca/wp-content/uploads/2022/05/icon-search.svg","svg","icon-search","2","2022-05-06 15:52:20"
"2754","https://www.victrix.ca/wp-content/uploads/2022/05/logo-imprivata.svg","svg","logo-imprivata","2","2022-05-06 16:05:25"
"2755","https://www.victrix.ca/wp-content/uploads/2022/05/logo-microsoft.svg","svg","logo-microsoft","2","2022-05-06 16:05:47"
"2757","https://www.victrix.ca/wp-content/uploads/2022/05/logo-cisco.svg","svg","logo-cisco","2","2022-05-06 16:06:44"
"2760","https://www.victrix.ca/wp-content/uploads/2022/05/logo-crowdstrike.svg","svg","logo-crowdstrike","2","2022-05-06 16:12:01"
"2763","https://www.victrix.ca/wp-content/uploads/2022/05/logo-paloalto.svg","svg","logo-paloalto","2","2022-05-06 16:13:44"
"2764","https://www.victrix.ca/wp-content/uploads/2022/05/logo-aruba.svg","svg","logo-aruba","2","2022-05-06 16:16:37"
"2765","https://www.victrix.ca/wp-content/uploads/2022/05/logo-pulse-secure.svg","svg","logo-pulse-secure","2","2022-05-06 16:17:45"
"2766","https://www.victrix.ca/wp-content/uploads/2022/05/logo-checkpoint.svg","svg","logo-checkpoint","2","2022-05-06 16:18:42"
"2548","https://www.victrix.ca/wp-content/uploads/2022/04/decouvrir-intro.png","png","decouvrir-intro","57","2022-04-26 16:50:55"
"3127","https://www.victrix.ca/wp-content/uploads/2022/05/portrait-temoignage-1.png","png","portrait-temoignage-1","57","2022-05-10 13:58:15"
"3128","https://www.victrix.ca/wp-content/uploads/2022/05/portrait-temoignage-2.png","png","portrait-temoignage-2","57","2022-05-10 13:58:23"
"3383","https://www.victrix.ca/wp-content/uploads/2022/05/istock-1028705006-scaled.jpg","jpg","vie-chez-victrix","483","2022-05-19 16:33:44"
"3390","https://www.victrix.ca/wp-content/uploads/2022/05/istock-996082438-scaled.jpg","jpg","","57","2022-05-19 16:36:37"
"3495","https://www.victrix.ca/wp-content/uploads/2022/06/mappemonde-2022_bleu-2.png","png","MAPPEMONDE 2022_BLEU 2","57","2022-06-16 11:08:16"
"3496","https://www.victrix.ca/wp-content/uploads/2022/06/alan-allman-associates-2022.png","png","Victrix est membre de l'écosystème international Alan Allman Associates","57","2022-06-16 11:10:13"
"4054","https://www.victrix.ca/wp-content/uploads/2022/11/victrix-est-expert-en-solutions-de-cybersecurite-de-productivite-et-de-services-geres-scaled.jpg","jpg","Telecommunication connections above smart city. Futuristic cityscape concept for internet of things (IoT), fintech, blockchain, 5G LTE network, wifi hotspot access, cyber security, digital technology","2","2022-11-07 22:05:55"
"4179","https://www.victrix.ca/wp-content/uploads/2023/01/plan-de-travail-24x.png","png","ecosysteme alan allman associates","57","2023-01-18 16:37:41"
"5287","https://www.victrix.ca/wp-content/uploads/2023/07/banniere_victrix-lambda-1-e1688581178101.jpg","jpg","banniere_victrix-lambda","2","2023-07-05 20:15:57"
"5310","https://www.victrix.ca/wp-content/uploads/2023/07/banniere-lambda_victrix_1000-copie.jpg","jpg","Bannière LAMBDA_VICTRIX_1000 copie","2","2023-07-07 11:25:33"
"5902","https://www.victrix.ca/wp-content/uploads/2023/11/logo_ovh.png","png","Logo_OVH","2","2023-11-01 20:05:12"
"5903","https://www.victrix.ca/wp-content/uploads/2023/11/service-now-logo.png","png","service-now-logo","2","2023-11-01 20:05:17"
"5947","https://www.victrix.ca/wp-content/uploads/2023/11/victrix_certifie_iso.png","png","victrix_certifie_iso","2","2023-11-06 21:32:57"
"6170","https://www.victrix.ca/wp-content/uploads/2024/01/galaxie-alan-allman-associates-png.png","png","Galaxie Alan Allman Associates - png","57","2024-01-18 15:58:14"
"6172","https://www.victrix.ca/wp-content/uploads/2024/01/galaxie-v12-bleu-scaled.jpg","jpg","Galaxie V12 - bleu","57","2024-01-18 15:59:15"
"6177","https://www.victrix.ca/wp-content/uploads/2024/01/video-soiree-victrix-v8_d0lbzknw.mp4","mp4","video-soiree-victrix-v8_d0LbzKnw","2","2024-01-24 00:24:44"
"6178","https://www.victrix.ca/wp-content/uploads/2024/01/video-soiree-victrix_v8_2.mp4","mp4","VIDÉO SOIRÉE VICTRIX_V8_2","2","2024-01-24 17:54:50"
"6330","https://www.victrix.ca/wp-content/uploads/2024/06/2560px-logo_cegep_de_la_pocatiere-svg.png","png","2560px-Logo_Cégep_de_La_Pocatière.svg","483","2024-06-07 18:05:06"
"6331","https://www.victrix.ca/wp-content/uploads/2024/06/logo.png","png","logo","483","2024-06-07 18:06:08"
"4990","https://www.victrix.ca/wp-content/uploads/2023/06/victrix.png","png","Améliorez votre cybersécurité avec Victrix","4989","2023-06-06 16:25:17"
"5013","https://www.victrix.ca/wp-content/uploads/2023/06/image-06-06-2023-a-16-37.jpg","jpg","SEvOC infographic in circle","4989","2023-06-06 16:37:52"
"5219","https://www.victrix.ca/wp-content/uploads/2023/06/algosec_logo.svg","svg","AlgoSec_logo","918","2023-06-21 20:29:03"
"5295","https://www.victrix.ca/wp-content/uploads/2023/07/banniere_victrix-lambdaeng-e1688583471556.png","png","banniere_victrix-lambda(eng)","918","2023-07-05 20:56:40"
"6004","https://www.victrix.ca/wp-content/uploads/2023/11/certified_iso_eng.png","png","certified_iso_ENG","918","2023-11-14 18:52:34"
"6175","https://www.victrix.ca/wp-content/uploads/2024/01/galaxie-v12-bleu-1-scaled.jpg","jpg","Galaxie V12 - bleu","2945","2024-01-18 16:03:20"
"6366","https://www.victrix.ca/wp-content/uploads/2024/07/avenir_ti_rgb_bleu-fi11915996x314.png","png","Avenir_TI_RGB_Bleu-fi11915996x314","483","2024-07-12 20:40:11"
"7142","https://www.victrix.ca/wp-content/uploads/2025/04/freepik__the-style-is-candid-image-photography-with-natural__7763.jpeg","jpeg","Évènement Cask x ServiceNow","7126","2025-04-28 21:04:06"
"2208","https://www.victrix.ca/wp-content/uploads/2022/02/icon-conseil-strategique.svg","svg","icon-conseil-strategique","105","2022-04-08 12:16:51"
"2588","https://www.victrix.ca/wp-content/uploads/2022/02/conseil-strategique.png","png","conseil-strategique","105","2022-04-26 17:45:46"
"2211","https://www.victrix.ca/wp-content/uploads/2022/02/icon-securite.svg","svg","icon-securite","112","2022-04-08 12:23:06"
"2868","https://www.victrix.ca/wp-content/uploads/2022/02/icon-securite-gouvernance.svg","svg","icon-securite-gouvernance","112","2022-05-08 18:51:27"
"2869","https://www.victrix.ca/wp-content/uploads/2022/02/icon-securite-gestion-vulnerabilites.svg","svg","icon-securite-gestion-vulnerabilites","112","2022-05-08 18:51:39"
"2870","https://www.victrix.ca/wp-content/uploads/2022/02/icon-securite-conformite.svg","svg","icon-securite-conformite","112","2022-05-08 18:51:46"
"2871","https://www.victrix.ca/wp-content/uploads/2022/02/icon-securite-parefeu.svg","svg","icon-securite-parefeu","112","2022-05-08 18:51:55"
"2872","https://www.victrix.ca/wp-content/uploads/2022/02/icon-securite-edr.svg","svg","icon-securite-edr","112","2022-05-08 18:52:03"
"2873","https://www.victrix.ca/wp-content/uploads/2022/02/icon-securite-vpn.svg","svg","icon-securite-vpn","112","2022-05-08 18:52:10"
"2874","https://www.victrix.ca/wp-content/uploads/2022/02/icon-securite-gestion-evenements.svg","svg","icon-securite-gestion-evenements","112","2022-05-08 18:52:44"
"2875","https://www.victrix.ca/wp-content/uploads/2022/02/icon-securite-chiffrement.svg","svg","icon-securite-chiffrement","112","2022-05-08 18:52:58"
"2876","https://www.victrix.ca/wp-content/uploads/2022/02/icon-securite-gestion-acces.svg","svg","icon-securite-gestion-acces","112","2022-05-08 18:53:06"
"2877","https://www.victrix.ca/wp-content/uploads/2022/02/securite-mode-realisation.jpg","jpg","cybersécurité","112","2022-05-08 18:58:47"
"2929","https://www.victrix.ca/wp-content/uploads/2022/02/icon-benefices-experience.svg","svg","icon-benefices-experience","105","2022-05-09 17:19:50"
"2930","https://www.victrix.ca/wp-content/uploads/2022/02/icon-benefices-challenge-pairs.svg","svg","icon-benefices-challenge-pairs","105","2022-05-09 17:19:59"
"2931","https://www.victrix.ca/wp-content/uploads/2022/02/icon-benefices-experience-gestion.svg","svg","icon-benefices-experience-gestion","105","2022-05-09 17:20:06"
"2932","https://www.victrix.ca/wp-content/uploads/2022/02/icon-benefices-expertise-technologique.svg","svg","icon-benefices-expertise-technologique","105","2022-05-09 17:20:16"
"2933","https://www.victrix.ca/wp-content/uploads/2022/02/conseil-strategique-strategies.jpg","jpg","conseil-strategique-strategies","105","2022-05-09 17:32:27"
"2934","https://www.victrix.ca/wp-content/uploads/2022/02/conseil-strategique-roadmap.jpg","jpg","conseil-strategique-roadmap","105","2022-05-09 17:32:39"
"2935","https://www.victrix.ca/wp-content/uploads/2022/02/conseil-strategique-positionnement.jpg","jpg","conseil-strategique-positionnement","105","2022-05-09 17:32:49"
"3485","https://www.victrix.ca/wp-content/uploads/2022/02/conseil-strategique-victrix-scaled.jpg","jpg","conseil stratégique pour entreprise","105","2022-06-13 15:53:01"
"6273","https://www.victrix.ca/wp-content/uploads/2022/02/securite.jpg","jpg","service de cybersécurité","112","2024-04-26 11:13:13"
"3353","https://www.victrix.ca/wp-content/uploads/2022/05/expertise-cloud.jpg","jpg","expertise-cloud","2984","2022-05-12 08:41:19"
"3356","https://www.victrix.ca/wp-content/uploads/2022/05/istock-1249572084-scaled.jpg","jpg","Retrowave style 3d illustration. Futuristic astronaut on neon background","2986","2022-05-12 09:05:15"
"3584","https://www.victrix.ca/wp-content/uploads/2022/05/cloud-based-services-provider-for-business.png","png","cloud based services provider for business","2984","2022-07-14 18:23:23"
"3585","https://www.victrix.ca/wp-content/uploads/2022/05/it-managed-security-services-provider.png","png","","2985","2022-07-14 19:45:44"
"3588","https://www.victrix.ca/wp-content/uploads/2022/05/strategic-advice.png","png","","2993","2022-07-14 20:03:22"
"5438","https://www.victrix.ca/wp-content/uploads/2023/08/michael-dziedzic-aqyguywncsm-unsplash-scaled.jpg","jpg","cybersecurity portal","5437","2023-08-14 20:14:58"
"5439","https://www.victrix.ca/wp-content/uploads/2023/08/cybersecurty-e1692039435494.png","png","cybersecurity","5437","2023-08-14 20:56:07"
"5441","https://www.victrix.ca/wp-content/uploads/2023/08/lambda.png","png","lambda","5437","2023-08-14 22:27:20"
"5443","https://www.victrix.ca/wp-content/uploads/2023/08/matthieu-beaumont-iynpyeyu57k-unsplash-scaled-e1692052125835.jpg","jpg","server room","5442","2023-08-15 00:28:09"
"5444","https://www.victrix.ca/wp-content/uploads/2023/08/charlesdeluvio-lks7vei-eag-unsplash-scaled.jpg","jpg","Employees discussing in front of their laptops","5442","2023-08-15 00:33:54"
"5445","https://www.victrix.ca/wp-content/uploads/2023/08/technical-support.svg","svg","services-gérés","5442","2023-08-15 00:58:16"
"5447","https://www.victrix.ca/wp-content/uploads/2023/08/istock-1347880350-scaled-e1692072784452.jpg","jpg","Shot of two young technicians using a digital tablet while working in a server room","5442","2023-08-15 06:12:08"
"5448","https://www.victrix.ca/wp-content/uploads/2023/08/pexels-fauxels-3184635-scaled-e1692073089748.jpg","jpg","Employees discussing in front of dashboards and pie charts","5442","2023-08-15 06:14:19"
"5561","https://www.victrix.ca/wp-content/uploads/2023/08/cybersecurity.png","png","cybersecurIty","5437","2023-08-23 03:20:33"
"5562","https://www.victrix.ca/wp-content/uploads/2023/08/cybersecurity2.png","png","cybersécurité","5437","2023-08-23 03:22:05"
"5563","https://www.victrix.ca/wp-content/uploads/2023/08/berkeley-communications-weddt-u3q3o-unsplash.jpg","jpg","consultant informatique au téléphone chez Victrix","5442","2023-08-23 06:06:37"
"6488","https://www.victrix.ca/wp-content/uploads/2022/05/cybersecurity.png","png","cybersecurity","2985","2024-08-28 18:06:03"
"6489","https://www.victrix.ca/wp-content/uploads/2022/05/cybersecurity-services.png","png","cybersecurity services","2985","2024-08-28 18:55:38"
"7263","https://www.victrix.ca/wp-content/uploads/2025/06/victrix-secov-fr.png","png","Victrix SEvOC","2985","2025-06-13 19:55:21"
"7264","https://www.victrix.ca/wp-content/uploads/2025/06/victrix-secov-en.png","png","Victrix SEvOC","2985","2025-06-13 19:55:23"
"5537","https://www.victrix.ca/wp-content/uploads/2023/08/ostudiologo.png","png","OSTUDIOlogo","5453","2023-08-22 21:20:33"
"5539","https://www.victrix.ca/wp-content/uploads/2023/08/ostudiomicrosoftpartner.png","png","ostudio+microsoftpartner","5453","2023-08-22 22:55:58"
"5540","https://www.victrix.ca/wp-content/uploads/2023/08/ostudiomicrosoftpartner-1.png","png","ostudio+microsoftpartner","5453","2023-08-22 22:59:31"
"5541","https://www.victrix.ca/wp-content/uploads/2023/08/untitled-12.svg","svg","Untitled-12","5453","2023-08-22 23:13:05"
"5554","https://www.victrix.ca/wp-content/uploads/2023/08/partneranddynamics.svg","svg","partneranddynamics","5453","2023-08-23 00:11:58"
"5555","https://www.victrix.ca/wp-content/uploads/2023/08/ostudiobanner.png","png","OSTUDIOBANNER","5453","2023-08-23 02:45:57"
"5558","https://www.victrix.ca/wp-content/uploads/2023/08/ostudiobanner2.png","png","OSTUDIOBANNER2","5453","2023-08-23 02:52:28"
"5559","https://www.victrix.ca/wp-content/uploads/2023/08/ostudiobanner3.png","png","OSTUDIOBANNER3","5453","2023-08-23 02:53:49"
"5560","https://www.victrix.ca/wp-content/uploads/2023/08/ostudiobanner4.png","png","OSTUDIOBANNER4","5453","2023-08-23 03:06:49"
"5564","https://www.victrix.ca/wp-content/uploads/2023/08/istock-1447107841-scaled.jpg","jpg","Black man, customer support service office and working for online call center internet telemarketing business. Crm consultant at desk, helping client and consulting computer software for advice","5442","2023-08-23 06:06:40"
"5565","https://www.victrix.ca/wp-content/uploads/2023/08/bannerconseilstratregique.svg","svg","avantage conseil stratégique victrix","5442","2023-08-23 07:09:32"
"5566","https://www.victrix.ca/wp-content/uploads/2023/08/priscilla-du-preez-nnmba7y1ymk-unsplash-scaled-e1692770800497.jpg","jpg","collègues en pleine discussion","5442","2023-08-23 08:04:31"
"5567","https://www.victrix.ca/wp-content/uploads/2023/08/dylan-gillis-kdeqa3atnby-unsplash-scaled.jpg","jpg","collègues en pleine discussion","5442","2023-08-23 08:17:04"
"5568","https://www.victrix.ca/wp-content/uploads/2023/08/carlos-muza-hpjsku2uysu-unsplash-e1692773163122.jpg","jpg","tableau de bord données","5442","2023-08-23 08:45:01"
"5593","https://www.victrix.ca/wp-content/uploads/2023/09/artboard-1-copy-2-5.png","png","Artboard 1 copy 2","5453","2023-09-20 17:05:58"
"5596","https://www.victrix.ca/wp-content/uploads/2023/09/offres2-1.png","png","offres2 (1)","5453","2023-09-20 18:01:08"
"5598","https://www.victrix.ca/wp-content/uploads/2023/09/offres-1.png","png","offres (1)","5453","2023-09-20 18:06:56"
"5599","https://www.victrix.ca/wp-content/uploads/2023/09/offres3-1.png","png","offres3 (1)","5453","2023-09-20 18:07:02"
"5606","https://www.victrix.ca/wp-content/uploads/2023/09/fondotto.png","png","fondOTTO","5453","2023-09-25 20:24:19"
"5607","https://www.victrix.ca/wp-content/uploads/2023/09/fondotto2.png","png","fondOTTO2","5453","2023-09-25 20:24:23"
"5608","https://www.victrix.ca/wp-content/uploads/2023/09/fondotto3.png","png","fondOTTO3","5453","2023-09-25 20:24:28"
"5609","https://www.victrix.ca/wp-content/uploads/2023/09/fondotto4.png","png","fondOTTO4","5453","2023-09-25 20:24:37"
"5610","https://www.victrix.ca/wp-content/uploads/2023/09/potfolio_victrixsiteweb.png","png","potfolio_victrixsiteweb","5453","2023-09-25 20:58:13"
"5611","https://www.victrix.ca/wp-content/uploads/2023/09/potfolio_victrixsiteweb-1.png","png","potfolio_victrixsiteweb","5453","2023-09-25 21:02:59"
"5612","https://www.victrix.ca/wp-content/uploads/2023/09/offre1.png","png","offre1","5453","2023-09-25 21:21:04"
"5613","https://www.victrix.ca/wp-content/uploads/2023/09/offre2.png","png","offre2","5453","2023-09-25 21:21:10"
"5614","https://www.victrix.ca/wp-content/uploads/2023/09/offres3.png","png","offres3","5453","2023-09-25 21:21:18"
"5616","https://www.victrix.ca/wp-content/uploads/2023/09/partnerdynamicss.png","png","partner+dynamicss","5453","2023-09-25 21:25:41"
"5617","https://www.victrix.ca/wp-content/uploads/2023/09/artboard_.png","png","Artboard_","5453","2023-09-25 21:29:23"
"5618","https://www.victrix.ca/wp-content/uploads/2023/09/realisations_finale_2page.pdf","pdf","Book de réalisations Ø Studio","5453","2023-09-25 21:34:45"
"5619","https://www.victrix.ca/wp-content/uploads/2023/09/artboard-1.png","png","Artboard 1","5453","2023-09-26 14:36:20"
"5621","https://www.victrix.ca/wp-content/uploads/2023/09/boook.png","png","boook","5453","2023-09-26 14:39:05"
"5774","https://www.victrix.ca/wp-content/uploads/2023/09/bg-o-studio-24x.png","png","BG O STUDIO - 2@4x","5453","2023-10-12 10:34:41"
"5778","https://www.victrix.ca/wp-content/uploads/2023/08/tabletteobureau3.png","png","tabletteObureau3","5455","2023-10-12 21:36:04"
"6181","https://www.victrix.ca/wp-content/uploads/2023/09/bg-o-studio-1-scaled.jpg","jpg","BG O STUDIO - 1","5453","2024-01-30 12:19:19"
"6981","https://www.victrix.ca/wp-content/uploads/2023/09/o-studio-victrix-white.png","png","o-studio-victrix-white","5453","2025-02-05 17:06:52"
"6982","https://www.victrix.ca/wp-content/uploads/2023/09/o-studio-victrix-white-1.png","png","o-studio-victrix-white-1","5453","2025-02-05 17:08:55"
"6983","https://www.victrix.ca/wp-content/uploads/2023/09/macbook-mockup-1-scaled.jpg","jpg","macbook-mockup-1","5453","2025-02-05 17:11:06"
"6988","https://www.victrix.ca/wp-content/uploads/2023/09/victrix-img-02.png","png","victrix img-02","5453","2025-02-06 11:26:55"
"6989","https://www.victrix.ca/wp-content/uploads/2023/09/victrix-img-01.png","png","victrix img-01","5453","2025-02-06 11:27:06"
"5779","https://www.victrix.ca/wp-content/uploads/2023/08/tabletteobureau4.png","png","tabletteObureau4","5455","2023-10-12 22:04:00"
"5870","https://www.victrix.ca/wp-content/uploads/2023/08/mia-baker-jjhvyxm34ny-unsplash-scaled-e1698140417136.jpg","jpg","bureaux","5455","2023-10-24 11:35:24"
"5993","https://www.victrix.ca/wp-content/uploads/2023/08/azure_infonuagique.png","png","azure_infonuagique","5457","2023-11-13 22:23:16"
"5995","https://www.victrix.ca/wp-content/uploads/2023/08/espacetravail.png","png","espacetravail","5457","2023-11-14 01:33:54"
"5996","https://www.victrix.ca/wp-content/uploads/2023/08/donnees_intelligence.png","png","données_intelligence","5457","2023-11-14 01:34:21"
"5997","https://www.victrix.ca/wp-content/uploads/2023/08/espacetravail-1.png","png","espace de travail moderne logo Microsoft","5457","2023-11-14 01:34:24"
"5998","https://www.victrix.ca/wp-content/uploads/2023/08/fasttrack_partner.png","png","Microsoft fasttrack_partner","5457","2023-11-14 01:34:28"
"5999","https://www.victrix.ca/wp-content/uploads/2023/08/infrastrustureazure.png","png","infrastrustureazure","5457","2023-11-14 01:34:32"
"6000","https://www.victrix.ca/wp-content/uploads/2023/08/innovation_numerique.png","png","innovation_numerique","5457","2023-11-14 01:34:37"
"6001","https://www.victrix.ca/wp-content/uploads/2023/08/securite.png","png","sécurité","5457","2023-11-14 01:34:40"
"6007","https://www.victrix.ca/wp-content/uploads/2023/08/mirosoft_zure-e1699987587893.png","png","mirosoft_zure","5457","2023-11-14 19:44:28"
"6008","https://www.victrix.ca/wp-content/uploads/2023/08/mirosoft_azure.png","png","mirosoft azure","5457","2023-11-14 19:50:55"
"6009","https://www.victrix.ca/wp-content/uploads/2023/08/microsoftlogo.png","png","microsoftlogo","5457","2023-11-14 20:00:05"
"6271","https://www.victrix.ca/wp-content/uploads/2023/08/azure_infonuagique.jpg","jpg","azure_infonuagique","5457","2024-04-26 11:09:45"
"6275","https://www.victrix.ca/wp-content/uploads/2023/08/istock-508289586.jpg","jpg","Applications M365 sur un téléphone","5456","2024-04-26 11:16:09"
"6561","https://www.victrix.ca/wp-content/uploads/2023/08/gestionnaire-appobureau.png","png","GEstionnaire-APPOBUREAU","5455","2024-10-04 22:46:33"
"6562","https://www.victrix.ca/wp-content/uploads/2023/08/employe-appobureau.png","png","Employé-APPOBUREAU","5455","2024-10-04 22:47:10"
"10055","https://www.victrix.ca/wp-content/uploads/2023/08/obureau-mobile.png","png","obureau mobile","5455","2025-12-08 12:56:02"
"10056","https://www.victrix.ca/wp-content/uploads/2023/08/experience-gestionnaire-obureau.png","png","experience gestionnaire o'bureau","5455","2025-12-08 13:04:00"
"10060","https://www.victrix.ca/wp-content/uploads/2023/08/obureau-mobile-1.png","png","obureau mobile en","5462","2025-12-08 14:22:55"
"2209","https://www.victrix.ca/wp-content/uploads/2022/02/icon-cloud.svg","svg","icon-cloud","","2022-04-08 12:23:01"
"2212","https://www.victrix.ca/wp-content/uploads/2022/02/icon-productivite.svg","svg","icon-productivite","","2022-04-08 12:23:10"
"5467","https://www.victrix.ca/wp-content/uploads/2022/05/obureau-2.svg","svg","obureau-2","","2023-08-21 14:31:59"
"5875","https://www.victrix.ca/wp-content/uploads/2023/10/partner-aws-victrix.png","png","partner-aws-victrix","5523","2023-10-24 23:14:51"
"5876","https://www.victrix.ca/wp-content/uploads/2023/10/aws-partner-public-sector.png","png","aws-partner-public-sector","5523","2023-10-24 23:16:36"
"5877","https://www.victrix.ca/wp-content/uploads/2023/10/aws-partner-consulting.png","png","aws-partner-consulting","5523","2023-10-24 23:16:38"
"5976","https://www.victrix.ca/wp-content/uploads/2023/10/awss.png","png","awss","5523","2023-11-08 21:02:09"
"5977","https://www.victrix.ca/wp-content/uploads/2023/10/awsss.png","png","awsss","5523","2023-11-08 21:18:15"
"5978","https://www.victrix.ca/wp-content/uploads/2023/10/awsss-1.png","png","awsss","5523","2023-11-08 21:45:53"
"5979","https://www.victrix.ca/wp-content/uploads/2023/10/public-sector1.png","png","public sector1","5523","2023-11-08 23:03:41"
"5980","https://www.victrix.ca/wp-content/uploads/2023/10/select-light-partner.png","png","select light partner","5523","2023-11-08 23:03:43"
"6210","https://www.victrix.ca/wp-content/uploads/2023/08/mirosoft_azure-138x300-1.png","png","mirosoft_azure-138x300","5463","2024-02-21 16:54:41"
"6211","https://www.victrix.ca/wp-content/uploads/2023/08/azure_infonuagique-300x225-1.png","png","azure_infonuagique-300x225","5463","2024-02-21 16:56:10"
"6214","https://www.victrix.ca/wp-content/uploads/2023/08/azure_infonuagique-300x225-2.png","png","azure_infonuagique-300x225","5463","2024-02-21 20:40:11"
"6215","https://www.victrix.ca/wp-content/uploads/2023/08/mirosoft_azure-138x300-2.png","png","mirosoft_azure-138x300","5463","2024-02-21 20:40:47"
"6324","https://www.victrix.ca/wp-content/uploads/2024/05/internet-of-things-7256292_1280.jpg","jpg","internet-of-things","6323","2024-05-30 20:18:16"
"6327","https://www.victrix.ca/wp-content/uploads/2024/05/signature-mail.jpg","jpg","Iso-27001-Victrix","6323","2024-05-31 22:42:49"
"6333","https://www.victrix.ca/wp-content/uploads/2024/05/quantum-iot-protect-band.png","png","quantum-iot-protect-band","6323","2024-06-12 18:01:19"
"7075","https://www.victrix.ca/wp-content/uploads/2023/08/plan-de-travail-1.jpg","jpg","Plan de travail 1","5486","2025-03-14 15:42:55"
"7076","https://www.victrix.ca/wp-content/uploads/2023/08/vackground-com-aguc-v_d1ii-unsplash-3-scaled.jpg","jpg","vackground-com-agUC-v_D1iI-unsplash (3)","5486","2025-03-14 15:44:35"
"5571","https://www.victrix.ca/wp-content/uploads/2023/08/microsoftteams-image-10.png","png","Employee experience platform","5526","2023-08-23 21:16:42"
"5787","https://www.victrix.ca/wp-content/uploads/2023/10/aws1.png","png","aws1","5780","2023-10-16 06:09:24"
"5788","https://www.victrix.ca/wp-content/uploads/2023/10/azuree1.png","png","azuree1","5780","2023-10-16 06:09:31"
"5835","https://www.victrix.ca/wp-content/uploads/2023/10/azuree2.png","png","azuree2","5780","2023-10-17 05:04:05"
"5836","https://www.victrix.ca/wp-content/uploads/2023/10/aws2.png","png","aws2","5780","2023-10-17 05:04:11"
"5837","https://www.victrix.ca/wp-content/uploads/2023/10/azuree3.png","png","azuree3","5780","2023-10-17 05:09:55"
"5838","https://www.victrix.ca/wp-content/uploads/2023/10/aws3.png","png","aws3","5780","2023-10-17 05:09:59"
"5839","https://www.victrix.ca/wp-content/uploads/2023/10/aws4.png","png","aws4","5780","2023-10-17 05:16:08"
"5869","https://www.victrix.ca/wp-content/uploads/2023/10/gestion-des-processus-et-productivite.png","png","","5789","2023-10-24 11:26:16"
"5882","https://www.victrix.ca/wp-content/uploads/2023/11/untitled-20.png","png","Untitled-20","5789","2023-11-01 13:54:01"
"5886","https://www.victrix.ca/wp-content/uploads/2023/10/istock-1454530428.png","png","Employés des services infonuagiques chez Victrix","5780","2023-11-01 16:17:52"
"5891","https://www.victrix.ca/wp-content/uploads/2023/11/office.png","png","office","5789","2023-11-01 16:26:34"
"5981","https://www.victrix.ca/wp-content/uploads/2023/10/aws1-1.png","png","aws1","5523","2023-11-09 15:51:10"
"5982","https://www.victrix.ca/wp-content/uploads/2023/10/aws2-1.png","png","aws2","5523","2023-11-09 15:56:20"
"5983","https://www.victrix.ca/wp-content/uploads/2023/10/priscilla-du-preez-nnmba7y1ymk-unsplash-1-scaled-e1699542797747.jpg","jpg","AWS services","5523","2023-11-09 16:11:23"
"6272","https://www.victrix.ca/wp-content/uploads/2023/10/aws2-1.jpg","jpg","aws2-1","5523","2024-04-26 11:11:53"
"6274","https://www.victrix.ca/wp-content/uploads/2023/11/gestion-des-processus-et-productivite.jpg","jpg","gestion-des-processus-et-productivite","5789","2024-04-26 11:14:29"
"6310","https://www.victrix.ca/wp-content/uploads/2024/05/owasp-100709974-orig-scaled.webp","webp","owasp-100709974-orig","6305","2024-05-07 20:34:15"
"6311","https://www.victrix.ca/wp-content/uploads/2024/05/maximalfocus-haktxidk36i-unsplash-scaled.jpg","jpg","maximalfocus-HakTxidk36I-unsplash","6305","2024-05-07 22:41:35"
"6313","https://www.victrix.ca/wp-content/uploads/2024/05/pentest-schema-1.png","png","Pentest schéma 1","6305","2024-05-09 16:49:26"
"6314","https://www.victrix.ca/wp-content/uploads/2024/05/certification-test-pentest.png","png","certification-test-pentest","6305","2024-05-13 16:28:52"
"6317","https://www.victrix.ca/wp-content/uploads/2024/05/benjamin-child-gwe0dlvd9e0-unsplash-scaled.jpg","jpg","benjamin-child-GWe0dlVD9e0-unsplash","6316","2024-05-29 17:17:06"
"6320","https://www.victrix.ca/wp-content/uploads/2024/05/harmony-why-harmony-3-600x400px.png","png","harmony-why-harmony-3-600x400px","6316","2024-05-29 18:04:24"
"6405","https://www.victrix.ca/wp-content/uploads/2024/06/istock-1165052026-1.jpg","jpg","Woman using mobile smart phone in the night light colorful background","6349","2024-07-26 16:30:51"
"6414","https://www.victrix.ca/wp-content/uploads/2024/06/ales-nesetril-im7lzjxelhg-unsplash-1.png","png","laptop","6349","2024-07-29 21:52:51"
"6415","https://www.victrix.ca/wp-content/uploads/2024/06/istock-1462139281-1.png","png","Employees using an electronic tablet (connected object) in their organization.","6349","2024-07-29 21:53:38"
"6416","https://www.victrix.ca/wp-content/uploads/2024/06/umberto-fewhpo4vc9y-unsplash.png","png","umberto-fewhpo4vc9y-unsplash","6349","2024-07-29 21:54:13"
"6419","https://www.victrix.ca/wp-content/uploads/2024/06/signature-01-english-e1724866402122.png","png","signature 01 - English","6349","2024-07-29 22:36:33"
"6454","https://www.victrix.ca/wp-content/uploads/2024/08/victrix-copilot.png","png","victrix copilot","6369","2024-08-12 17:32:08"
"6455","https://www.victrix.ca/wp-content/uploads/2024/08/victrix-copilot-1.png","png","victrix copilot","6369","2024-08-12 19:36:12"
"6463","https://www.victrix.ca/wp-content/uploads/2024/08/copilot-victrix-siteweb.png","png","Copilot Victrix siteweb","6369","2024-08-13 23:05:55"
"6464","https://www.victrix.ca/wp-content/uploads/2024/08/copilot-victrix-siteweb-1.png","png","Copilot Victrix siteweb","6369","2024-08-13 23:07:31"
"6465","https://www.victrix.ca/wp-content/uploads/2024/08/copilot-victrix-siteweb-2.png","png","Copilot Victrix siteweb","6369","2024-08-13 23:08:47"
"6466","https://www.victrix.ca/wp-content/uploads/2024/08/copilot-victrix-siteweb-3.png","png","Copilot Victrix siteweb","6369","2024-08-13 23:09:40"
"6641","https://www.victrix.ca/wp-content/uploads/2024/08/victrix-scaled.jpg","jpg","victrix","6369","2024-10-22 20:28:58"
"6642","https://www.victrix.ca/wp-content/uploads/2024/08/allison-saeng-lxfknmjkheo-unsplash-scaled.jpg","jpg","adn victrix","6369","2024-10-22 20:34:04"
"6643","https://www.victrix.ca/wp-content/uploads/2024/08/alex-shuper-ufcmj6fiwgy-unsplash-scaled.jpg","jpg","concept robot ia","6369","2024-10-22 20:35:36"
"6644","https://www.victrix.ca/wp-content/uploads/2024/08/allison-saeng-veahusrauxu-unsplash-scaled.jpg","jpg","concept agent ia","6369","2024-10-22 20:44:30"
"6645","https://www.victrix.ca/wp-content/uploads/2024/08/alex-shuper-87thc411hk4-unsplash-scaled.jpg","jpg","robot tient une plume","6369","2024-10-22 20:48:06"
"6646","https://www.victrix.ca/wp-content/uploads/2024/08/victrix-1-scaled.jpg","jpg","victrix","6369","2024-10-22 20:48:52"
"6374","https://www.victrix.ca/wp-content/uploads/2024/07/1200px-proofpoint_r_logo.png","png","1200px-Proofpoint_R_Logo","6373","2024-07-19 22:04:46"
"6386","https://www.victrix.ca/wp-content/uploads/2024/07/briefcase.svg","svg","briefcase","6373","2024-07-25 10:13:56"
"6387","https://www.victrix.ca/wp-content/uploads/2024/07/medal-.svg","svg","medal-","6373","2024-07-25 10:14:09"
"6388","https://www.victrix.ca/wp-content/uploads/2024/07/idea.svg","svg","idea","6373","2024-07-25 10:14:18"
"6389","https://www.victrix.ca/wp-content/uploads/2024/07/155fad8c-b177-43fd-91fe-e71bfb6298f2-scaled.jpeg","jpeg","futuristic city in the clouds","6373","2024-07-25 10:57:30"
"6390","https://www.victrix.ca/wp-content/uploads/2024/07/government.svg","svg","government","6373","2024-07-25 11:28:13"
"6391","https://www.victrix.ca/wp-content/uploads/2024/07/healthcare.svg","svg","healthcare","6373","2024-07-25 11:37:57"
"6392","https://www.victrix.ca/wp-content/uploads/2024/07/factory.svg","svg","factory","6373","2024-07-25 11:38:08"
"6393","https://www.victrix.ca/wp-content/uploads/2024/07/business-and-finance.svg","svg","business-and-finance","6373","2024-07-25 11:38:20"
"6401","https://www.victrix.ca/wp-content/uploads/2024/07/thisisengineering-sbfmokbk7ju-unsplash.png","png","femme pensive","6373","2024-07-26 09:56:38"
"6422","https://www.victrix.ca/wp-content/uploads/2024/07/juniper-logo.png","png","juniper logo","6373","2024-07-31 23:04:37"
"6423","https://www.victrix.ca/wp-content/uploads/2024/07/zscaler-logo.svg","svg","zscaler-logo","6373","2024-07-31 23:05:48"
"6439","https://www.victrix.ca/wp-content/uploads/2024/07/grcprofessional.png","png","grcprofessional","6373","2024-08-12 16:47:45"
"6440","https://www.victrix.ca/wp-content/uploads/2024/07/grc.png","png","grc","6373","2024-08-12 16:49:04"
"6441","https://www.victrix.ca/wp-content/uploads/2024/07/comptia_security_2bce.png","png","CompTIA_Security_2Bce","6373","2024-08-12 16:49:33"
"6442","https://www.victrix.ca/wp-content/uploads/2024/07/comptia_security_2bce-1.png","png","CompTIA_Security_2Bce","6373","2024-08-12 16:51:39"
"6443","https://www.victrix.ca/wp-content/uploads/2024/07/cism.jpg","jpg","cism","6373","2024-08-12 16:57:15"
"6647","https://www.victrix.ca/wp-content/uploads/2024/08/zad-scaled.jpg","jpg","zad","6369","2024-10-22 20:56:20"
"6648","https://www.victrix.ca/wp-content/uploads/2024/08/evolution.png","png","evolution","6369","2024-10-22 21:08:43"
"6649","https://www.victrix.ca/wp-content/uploads/2024/08/evaluation.png","png","evaluation","6369","2024-10-22 21:09:31"
"6394","https://www.victrix.ca/wp-content/uploads/2024/07/istock-1165052026-scaled.jpg","jpg","Woman using mobile smart phone in the night light colorful background","6375","2024-07-25 12:11:38"
"6395","https://www.victrix.ca/wp-content/uploads/2024/07/istock-1165052026-1.jpg","jpg","Woman using mobile smart phone in the night light colorful background","6375","2024-07-25 12:13:00"
"6396","https://www.victrix.ca/wp-content/uploads/2024/07/ales-nesetril-im7lzjxelhg-unsplash.png","png","laptop","6375","2024-07-25 13:35:47"
"6397","https://www.victrix.ca/wp-content/uploads/2024/07/ales-nesetril-im7lzjxelhg-unsplash-1.png","png","laptop","6375","2024-07-25 13:37:13"
"6398","https://www.victrix.ca/wp-content/uploads/2024/07/istock-1327016175.jpg","jpg","Smartphone security and privacy concept.","6375","2024-07-25 14:28:05"
"6444","https://www.victrix.ca/wp-content/uploads/2024/07/cgeit.png","png","cgeit","6373","2024-08-12 16:57:45"
"6445","https://www.victrix.ca/wp-content/uploads/2024/07/crisc.png","png","crisc","6373","2024-08-12 16:58:03"
"6446","https://www.victrix.ca/wp-content/uploads/2024/07/cisa.png","png","cisa","6373","2024-08-12 16:58:22"
"6447","https://www.victrix.ca/wp-content/uploads/2024/07/isc2_cissp_rgb_badge-600x600-1.png","png","ISC2_CISSP_RGB_Badge.600x600","6373","2024-08-12 16:59:43"
"6448","https://www.victrix.ca/wp-content/uploads/2024/07/image.png","png","badge CCSP","6373","2024-08-12 17:00:08"
"6449","https://www.victrix.ca/wp-content/uploads/2024/07/ccsk.png","png","ccsk","6373","2024-08-12 17:00:39"
"6450","https://www.victrix.ca/wp-content/uploads/2024/07/iso27001.png","png","ISO27001","6373","2024-08-12 17:01:05"
"6451","https://www.victrix.ca/wp-content/uploads/2024/07/iso27005.png","png","ISO27005","6373","2024-08-12 17:01:57"
"6452","https://www.victrix.ca/wp-content/uploads/2024/07/iso27034.png","png","ISO27034","6373","2024-08-12 17:02:18"
"6453","https://www.victrix.ca/wp-content/uploads/2024/07/616dd9d2cbea0f25d4b95837_ceh-small.png","png","616dd9d2cbea0f25d4b95837_ceh-small","6373","2024-08-12 17:03:09"
"6481","https://www.victrix.ca/wp-content/uploads/2024/07/cism.svg","svg","cism","6373","2024-08-26 10:53:03"
"6482","https://www.victrix.ca/wp-content/uploads/2024/07/cism-1.svg","svg","cism","6373","2024-08-26 10:54:08"
"6483","https://www.victrix.ca/wp-content/uploads/2024/07/ming-labs-hmknhtkvhxk-unsplash.jpg","jpg","Cybersecurity digital education whiteboard","6373","2024-08-26 10:55:03"
"6484","https://www.victrix.ca/wp-content/uploads/2024/07/cism-2.svg","svg","cism","6373","2024-08-26 11:00:39"
"7253","https://www.victrix.ca/wp-content/uploads/2025/06/sevoc-certification.png","png","SEvOC certification","6373","2025-06-04 16:36:53"
"6400","https://www.victrix.ca/wp-content/uploads/2024/07/istock-114321879-scaled.jpg","jpg","Computer stethoscope","6399","2024-07-25 21:39:52"
"6402","https://www.victrix.ca/wp-content/uploads/2024/07/umberto-fewhpo4vc9y-unsplash.png","png","umberto-FewHpO4VC9Y-unsplash","6375","2024-07-26 10:08:59"
"6403","https://www.victrix.ca/wp-content/uploads/2024/07/istock-1462139281.png","png","Des employés utilisant une tablette électronique (objet connecté) dans leur organisation.","6375","2024-07-26 10:32:41"
"6404","https://www.victrix.ca/wp-content/uploads/2024/07/istock-1462139281-1.png","png","Des employés utilisant une tablette électronique (objet connecté) dans leur organisation.","6375","2024-07-26 10:44:51"
"6504","https://www.victrix.ca/wp-content/uploads/2024/09/victrix-copilot.png","png","victrix-copilot","6503","2024-09-10 17:25:54"
"6639","https://www.victrix.ca/wp-content/uploads/2024/09/bg-vic.jpg","jpg","BG-VIC","6503","2024-10-22 20:09:28"
"6640","https://www.victrix.ca/wp-content/uploads/2024/10/m365copilot_herobanner_apps_blog-feature-1.jpg","jpg","M365Copilot_HeroBanner_Apps_BLOG-FEATURE (1)","6503","2024-10-22 20:12:33"
"6691","https://www.victrix.ca/wp-content/uploads/2024/11/servicenow-banniere-.png","png","Servicenow - Banniere","6690","2024-11-15 17:22:35"
"6692","https://www.victrix.ca/wp-content/uploads/2024/11/istock-1161248291-scaled.jpg","jpg","Discussion on a business meeting","6690","2024-11-15 21:10:37"
"6698","https://www.victrix.ca/wp-content/uploads/2024/11/servicenow-partner.png","png","servicenow-partner","6690","2024-11-20 17:31:40"
"6699","https://www.victrix.ca/wp-content/uploads/2024/11/plan-de-travail-2.png","png","ServiceNow reseller of the year 2024","6690","2024-11-20 17:34:59"
"6700","https://www.victrix.ca/wp-content/uploads/2024/11/plan-de-travail-2_1.png","png","servicenow partner logo","6690","2024-11-20 17:35:10"
"6701","https://www.victrix.ca/wp-content/uploads/2024/11/plan-de-travail-4_1.png","png","servicenow partner logo","6690","2024-11-20 17:38:15"
"6702","https://www.victrix.ca/wp-content/uploads/2024/11/getty-images-9yiwxisswnq-unsplash-scaled.jpg","jpg","équipe ti au travail","6690","2024-11-20 17:44:03"
"6703","https://www.victrix.ca/wp-content/uploads/2024/11/plan-de-travail-3-100-scaled.jpg","jpg","équipe ti au travail","6690","2024-11-20 17:45:26"
"6704","https://www.victrix.ca/wp-content/uploads/2024/11/plan-de-travail-5-100-scaled.jpg","jpg","équipe ti au travail","6690","2024-11-20 17:48:00"
"6705","https://www.victrix.ca/wp-content/uploads/2024/11/plan-de-travail-5-100-1-scaled.jpg","jpg","équipe au travail","6690","2024-11-20 17:48:55"
"6706","https://www.victrix.ca/wp-content/uploads/2024/11/plan-de-travailcscq5-100-scaled.jpg","jpg","tours à bureaux sur un fond de ciel bleu","6690","2024-11-20 17:53:54"
"6707","https://www.victrix.ca/wp-content/uploads/2024/11/plan-de-travailcscq5-100-1-scaled.jpg","jpg","Plan de travail","6690","2024-11-20 17:54:44"
"6708","https://www.victrix.ca/wp-content/uploads/2024/11/plan-de-travailfzecscq5-100-scaled.jpg","jpg","Plan de travail","6690","2024-11-20 17:57:45"
"2509","https://www.victrix.ca/wp-content/uploads/2022/04/icon-collaboration.svg","svg","icon-collaboration","7460","2022-04-26 11:53:34"
"2790","https://www.victrix.ca/wp-content/uploads/2022/02/sevoc-icon-surveillance.svg","svg","sevoc-icon-surveillance","131","2022-05-06 17:26:54"
"3484","https://www.victrix.ca/wp-content/uploads/2022/05/technical-support.svg","svg","managed-services","","2022-06-07 14:46:56"
"4851","https://www.victrix.ca/wp-content/uploads/0206/05/gestion.svg","svg","Gestion licences et matériels","","2023-05-25 14:42:24"
"7100","https://www.victrix.ca/wp-content/uploads/2025/03/bagnaire-iso-victrix-08.jpg","jpg","bagnaire iso victrix-08","7098","2025-03-21 13:38:18"
"7121","https://www.victrix.ca/wp-content/uploads/2025/04/ban-victrix-1.jpg","jpg","ban victrix","7115","2025-04-18 14:59:43"
"7656","https://www.victrix.ca/wp-content/uploads/2025/10/freepik__adjust__18305-1.png","png","IA - intelligence artificielle","7655","2025-10-20 14:05:49"
"7836","https://www.victrix.ca/wp-content/uploads/2024/11/victrix-x-servicenow-en.png","png","VICTRIX X SERVICENOW EN","6710","2025-11-12 13:12:52"
"14719","https://www.victrix.ca/wp-content/uploads/2026/06/site-manager-walk-down-with-engineer-to-check-prec-2026-03-09-23-57-29-utc-1-scaled.jpg","jpg","Site manager using Dynamics 365 Field Service","14718","2026-06-16 15:07:39"
"14720","https://www.victrix.ca/wp-content/uploads/2026/06/construction-workers-collaborate-on-project-at-bui-2026-03-16-22-44-53-utc-1-scaled.jpg","jpg","Employés de construction qui rencontrent certains enjeux sur le terrain.","14718","2026-06-16 15:19:00"
"14721","https://www.victrix.ca/wp-content/uploads/2026/06/smiling-construction-worker-at-building-site-with-2026-03-17-01-20-41-utc-1-scaled.jpg","jpg","Un travailleur de la construction souriant","14718","2026-06-16 15:53:09"
"14724","https://www.victrix.ca/wp-content/uploads/2026/06/designation-securite.png","png","Désignation Sécurité Microsoft","14723","2026-06-17 15:15:41"
"14877","https://www.victrix.ca/wp-content/uploads/2026/07/sea-lighthouse-with-the-moon-2026-03-25-00-59-08-utc-1-scaled.jpg","jpg","accompagnement en intelligence artificielle","14876","2026-07-13 14:06:53"
"14878","https://www.victrix.ca/wp-content/uploads/2026/07/smiling-colleagues-sitting-on-steps-in-office-2026-03-25-03-17-09-utc-1-scaled.jpg","jpg","Smiling colleagues at Victrix","14876","2026-07-13 14:06:58"
"14879","https://www.victrix.ca/wp-content/uploads/2026/07/happy-colleagues-at-modern-office-workplace-lookin-2026-01-09-09-28-57-utc-1-scaled.jpg","jpg","consultants en intelligence artificielle","14876","2026-07-13 14:07:04"
"3437","https://www.victrix.ca/wp-content/uploads/dlm_uploads/2022/06/livret-victrix.pdf","pdf","Livret Victrix","3435","2022-06-02 14:17:19"
"4215","https://www.victrix.ca/wp-content/uploads/2023/02/services-geres.png","png","SERVICES GÉRÉS","4214","2023-02-07 19:28:12"
"4226","https://www.victrix.ca/wp-content/uploads/dlm_uploads/2023/02/livret-services-geres.pdf","pdf","Livret Services Gérés","4214","2023-02-20 17:36:22"
"4228","https://www.victrix.ca/wp-content/uploads/2023/02/istock-1322205579-scaled.jpg","jpg","Digitally enhanced shot of an unrecognizable businessman working in the office superimposed over a graph showing the ups and downs of the stock market","4214","2023-02-21 16:27:59"
"6226","https://www.victrix.ca/wp-content/uploads/dlm_uploads/2024/03/guide-licence-powerplatform-2024.pdf","pdf","Guide-Licence-PowerPlatform-2024","6223","2024-03-07 20:53:08"
"6243","https://www.victrix.ca/wp-content/uploads/2024/03/guide-licences-microsoft-power-platform.png","png","guide licences microsoft power platform","6223","2024-03-13 20:44:54"
"6244","https://www.victrix.ca/wp-content/uploads/2024/03/business-recruit-spring-booster_belgique-scaled.jpg","jpg","BUSINESS & RECRUIT SPRING BOOSTER_BELGIQUE","6223","2024-03-14 16:41:00"
"6246","https://www.victrix.ca/wp-content/uploads/2024/03/guide-licences-microsoft-power-platform-1.png","png","guide licences microsoft power platform","6223","2024-03-14 16:41:44"
"6248","https://www.victrix.ca/wp-content/uploads/2024/03/design-sans-titre-2.png","png","Guide des licences Microsoft Power Platform","6223","2024-03-14 19:31:09"
"6249","https://www.victrix.ca/wp-content/uploads/2024/03/guide-licences_powerplatform.png","png","Guide-Licences_powerplatform","6223","2024-03-14 19:32:29"
"6254","https://www.victrix.ca/wp-content/uploads/2023/02/services-geres-1.jpg","jpg","services-geres","4214","2024-03-15 11:39:49"
"6255","https://www.victrix.ca/wp-content/uploads/2022/06/cybersecurite.jpg","jpg","cybersecurite","3435","2024-03-15 11:42:50"
"6256","https://www.victrix.ca/wp-content/uploads/2024/03/image-landing-page-victrix.jpg","jpg","Image - Landing page Victrix","6223","2024-03-15 14:47:30"
"6667","https://www.victrix.ca/wp-content/uploads/2024/11/olivier-maltais-pp.png","png","Olivier Maltais PP","6663","2024-11-13 22:03:58"
"6668","https://www.victrix.ca/wp-content/uploads/2024/11/logos-landing-page.png","png","Logos landing page","6663","2024-11-13 22:06:24"
"6669","https://www.victrix.ca/wp-content/uploads/2024/11/logos-landing-page-1.png","png","Logos landing page","6663","2024-11-13 22:07:22"
"6670","https://www.victrix.ca/wp-content/uploads/2024/11/logos-landing-page-2.png","png","Logos landing page","6663","2024-11-13 22:18:51"
"6672","https://www.victrix.ca/wp-content/uploads/2024/11/visuel-webinaire-linkedin_post-linkedin-.png","png","Visuel Webinaire - LinkedIn_Post LinkedIn","6663","2024-11-13 23:45:38"
"6674","https://www.victrix.ca/wp-content/uploads/dlm_uploads/2024/11/diner-conference-aiops-et-surveillance-iotot.ics","ics","Invitation outlook test","6663","2024-11-13 23:52:21"
"6693","https://www.victrix.ca/wp-content/uploads/2024/11/webinaire-microsoft-copilot_jonathan-bordeleau-lefebvre.png","png","Webinaire - Microsoft Copilot_Jonathan -Bordeleau-Lefebvre","6663","2024-11-15 21:58:46"
"6696","https://www.victrix.ca/wp-content/uploads/2024/11/webinaire-microsoft-copilot_jonathan-bordeleau-lefebvre-1.png","png","Webinaire - Microsoft Copilot_Jonathan -Bordeleau-Lefebvre","6663","2024-11-15 22:02:16"
"6871","https://www.victrix.ca/wp-content/uploads/2024/11/webinaire-microsoft-copilot-2_post-linkedin-.png","png","Webinaire - Microsoft Copilot 2_Post LinkedIn","6663","2024-12-17 22:21:50"
"6872","https://www.victrix.ca/wp-content/uploads/2024/11/webinaire-microsoft-copilot-2_post-linkedin-1-1.png","png","Webinaire - Microsoft Copilot 2_Post LinkedIn","6663","2024-12-17 22:23:49"
"6876","https://www.victrix.ca/wp-content/uploads/dlm_uploads/2024/11/webinaire-microsoft-copilot-avec-victrix.ics","ics","Webinaire Microsoft Copilot avec Victrix","6663","2024-12-19 17:15:17"
"6977","https://www.victrix.ca/wp-content/uploads/2024/11/webinaire-microsoft-copilot-__post-linkedin-rediffusion-1.png","png","Webinaire - Microsoft Copilot __Post LinkedIn (Rediffusion) (1)","6663","2025-01-30 21:22:10"
"6978","https://www.victrix.ca/wp-content/uploads/2024/11/webinaire-microsoft-copilot-__post-linkedin-rediffusion.png","png","Webinaire - Microsoft Copilot __Post LinkedIn (Rediffusion)","6663","2025-01-30 21:29:04"
"7569","https://www.victrix.ca/wp-content/uploads/dlm_uploads/2025/09/copilot-du-buzz-a-limpact-reel_support-presentation_2025-09-25_compressed.pdf","pdf","Copilot; du buzz à l'impact réel_support présentation_2025-09-25_compressed","7567","2025-09-26 09:47:08"
"7571","https://www.victrix.ca/wp-content/uploads/2025/09/copie-de-bannieres-linkedin-8.png","png","bannière webinaire copilot","7567","2025-09-26 10:00:01"
"146","https://www.victrix.ca/wp-content/uploads/2022/02/istock-1272592927-1.png","png","accélération numérique","","2022-02-15 23:37:30"
"153","https://www.victrix.ca/wp-content/uploads/2022/02/logo-1.png","png","Logo footer","","2022-02-16 13:19:42"
"188","https://www.victrix.ca/wp-content/uploads/2022/02/microsoft.svg","svg","microsoft","185","2022-02-22 13:18:28"
"189","https://www.victrix.ca/wp-content/uploads/2022/02/paloalto.svg","svg","paloalto","192","2022-02-22 13:20:00"
"190","https://www.victrix.ca/wp-content/uploads/2022/02/crowdstrike.svg","svg","crowdstrike","193","2022-02-22 13:21:19"
"191","https://www.victrix.ca/wp-content/uploads/2022/02/imprivata.svg","svg","imprivata","194","2022-02-22 13:21:56"
"210","https://www.victrix.ca/wp-content/uploads/2022/02/gradienta-g084bo4wgda-unsplash-1.png","png","gradienta-G084bO4wGDA-unsplash 1","","2022-02-22 14:32:04"
"211","https://www.victrix.ca/wp-content/uploads/2022/02/istock-1294021851-1.png","png","concept digital","","2022-02-22 14:32:07"
"216","https://www.victrix.ca/wp-content/uploads/2022/02/istock-1251768615-1.png","png","infonuagique","","2022-02-22 14:32:19"
"217","https://www.victrix.ca/wp-content/uploads/2022/02/istock-1194430820-1.png","png","expert en cybersécurité chez Victrix","","2022-02-22 14:32:22"
"227","https://www.victrix.ca/wp-content/uploads/2022/02/istock-1173544006-1.png","png","RSE","","2022-02-22 15:08:46"
"228","https://www.victrix.ca/wp-content/uploads/2022/02/istock-1249572084-1.png","png","univers numérique","","2022-02-22 15:08:48"
"229","https://www.victrix.ca/wp-content/uploads/2022/02/istock-1309275676-1.png","png","univers numérique","","2022-02-22 15:08:51"
"273","https://www.victrix.ca/wp-content/uploads/2022/02/image.png","png","IMAGE","","2022-02-28 16:30:46"
"318","https://www.victrix.ca/wp-content/uploads/2022/03/frame.png","png","Frame","","2022-03-01 11:31:29"
"319","https://www.victrix.ca/wp-content/uploads/2022/03/frame-3.png","png","Frame (3)","","2022-03-01 11:33:55"
"320","https://www.victrix.ca/wp-content/uploads/2022/03/frame-4.png","png","Frame (4)","","2022-03-01 11:33:57"
"321","https://www.victrix.ca/wp-content/uploads/2022/03/frame-5.png","png","Frame (5)","","2022-03-01 11:33:59"
"322","https://www.victrix.ca/wp-content/uploads/2022/03/frame-6.png","png","Frame (6)","","2022-03-01 11:34:01"
"323","https://www.victrix.ca/wp-content/uploads/2022/03/frame-7.png","png","Frame (7)","","2022-03-01 11:34:03"
"324","https://www.victrix.ca/wp-content/uploads/2022/03/frame-1.png","png","Frame (1)","","2022-03-01 11:34:05"
"325","https://www.victrix.ca/wp-content/uploads/2022/03/frame-2.png","png","Frame (2)","","2022-03-01 11:34:07"
"326","https://www.victrix.ca/wp-content/uploads/2022/03/teams.png","png","Teams","","2022-03-01 11:34:09"
"354","https://www.victrix.ca/wp-content/uploads/2022/03/frame-13.png","png","windows","","2022-03-01 14:49:36"
"355","https://www.victrix.ca/wp-content/uploads/2022/03/frame-12.png","png","checklist","","2022-03-01 14:49:38"
"356","https://www.victrix.ca/wp-content/uploads/2022/03/frame-11.png","png","dashboard","","2022-03-01 14:49:39"
"357","https://www.victrix.ca/wp-content/uploads/2022/03/frame-10.png","png","dashboard","","2022-03-01 14:49:41"
"358","https://www.victrix.ca/wp-content/uploads/2022/03/frame-9.png","png","search","","2022-03-01 14:49:43"
"359","https://www.victrix.ca/wp-content/uploads/2022/03/frame-8.png","png","employee profile","","2022-03-01 14:49:45"
"360","https://www.victrix.ca/wp-content/uploads/2022/03/frame-15.png","png","content migration","","2022-03-01 14:49:47"
"361","https://www.victrix.ca/wp-content/uploads/2022/03/frame-14.png","png","gear","","2022-03-01 14:49:49"
"362","https://www.victrix.ca/wp-content/uploads/2022/03/frame-16.png","png","handshake","","2022-03-01 14:52:52"
"393","https://www.victrix.ca/wp-content/uploads/2022/03/frame-19.png","png","computer","","2022-03-01 15:17:36"
"394","https://www.victrix.ca/wp-content/uploads/2022/03/frame-18.png","png","mic","","2022-03-01 15:17:38"
"395","https://www.victrix.ca/wp-content/uploads/2022/03/frame-17.png","png","people architecture","","2022-03-01 15:17:40"
"410","https://www.victrix.ca/wp-content/uploads/2022/03/frame-26.png","png","digital key","","2022-03-01 15:45:55"
"411","https://www.victrix.ca/wp-content/uploads/2022/03/frame-25.png","png","icon globe","","2022-03-01 15:45:57"
"412","https://www.victrix.ca/wp-content/uploads/2022/03/frame-24.png","png","search alert","","2022-03-01 15:45:58"
"413","https://www.victrix.ca/wp-content/uploads/2022/03/frame-23.png","png","fire shield","","2022-03-01 15:46:00"
"414","https://www.victrix.ca/wp-content/uploads/2022/03/frame-22.png","png","checklist","","2022-03-01 15:46:02"
"415","https://www.victrix.ca/wp-content/uploads/2022/03/frame-21.png","png","lock","","2022-03-01 15:46:04"
"416","https://www.victrix.ca/wp-content/uploads/2022/03/frame-20.png","png","Frame (20)","","2022-03-01 15:46:06"
"417","https://www.victrix.ca/wp-content/uploads/2022/03/frame-28.png","png","Frame (28)","","2022-03-01 15:46:08"
"418","https://www.victrix.ca/wp-content/uploads/2022/03/frame-27.png","png","Frame (27)","","2022-03-01 15:46:10"
"423","https://www.victrix.ca/wp-content/uploads/2022/03/istock-641277776-1.png","png","une employée victrix","","2022-03-01 16:00:14"
"434","https://www.victrix.ca/wp-content/uploads/2022/03/frame-36.png","png","Frame (36)","","2022-03-01 16:18:10"
"435","https://www.victrix.ca/wp-content/uploads/2022/03/2846bb532d7d2f428121244d6545b51e-1.png","png","2846bb532d7d2f428121244d6545b51e 1","","2022-03-01 16:18:12"
"436","https://www.victrix.ca/wp-content/uploads/2022/03/microsoft_365_logo-1.png","png","Microsoft_365_logo 1","","2022-03-01 16:18:14"
"437","https://www.victrix.ca/wp-content/uploads/2022/03/frame-35.png","png","microsoft azure","","2022-03-01 16:18:16"
"438","https://www.victrix.ca/wp-content/uploads/2022/03/frame-34.png","png","cloud","","2022-03-01 16:18:18"
"439","https://www.victrix.ca/wp-content/uploads/2022/03/frame-33.png","png","cloud security","","2022-03-01 16:18:20"
"440","https://www.victrix.ca/wp-content/uploads/2022/03/frame-32.png","png","cloud","","2022-03-01 16:18:21"
"441","https://www.victrix.ca/wp-content/uploads/2022/03/frame-31.png","png","cloud","","2022-03-01 16:18:23"
"442","https://www.victrix.ca/wp-content/uploads/2022/03/frame-30.png","png","cloud","","2022-03-01 16:18:25"
"443","https://www.victrix.ca/wp-content/uploads/2022/03/frame-29.png","png","cloud architecture","","2022-03-01 16:18:27"
"444","https://www.victrix.ca/wp-content/uploads/2022/03/istock-509286952-1.png","png","Mikael gagné","","2022-03-01 16:18:29"
"459","https://www.victrix.ca/wp-content/uploads/2022/03/frame-37.png","png","microsoft","","2022-03-02 09:23:40"
"462","https://www.victrix.ca/wp-content/uploads/2022/03/frame-38.png","png","paloalto networks","","2022-03-02 09:25:15"
"463","https://www.victrix.ca/wp-content/uploads/2022/03/group-24.png","png","crowdstrike","","2022-03-02 09:25:19"
"464","https://www.victrix.ca/wp-content/uploads/2022/03/frame-39.png","png","imprivata","","2022-03-02 09:25:22"
"473","https://www.victrix.ca/wp-content/uploads/2022/03/frame-40.png","png","microsoft","","2022-03-02 09:39:01"
"474","https://www.victrix.ca/wp-content/uploads/2022/03/frame-41.png","png","amazon","","2022-03-02 09:39:03"
"475","https://www.victrix.ca/wp-content/uploads/2022/03/frame-42.png","png","red hat","","2022-03-02 09:39:06"
"476","https://www.victrix.ca/wp-content/uploads/2022/03/base.png","png","BASE","","2022-03-02 09:43:34"
"487","https://www.victrix.ca/wp-content/uploads/2022/03/happy-at-work-index-1.png","png","happy-at-work-index 1","","2022-03-02 10:35:58"
"488","https://www.victrix.ca/wp-content/uploads/2022/03/frame-43.png","png","star icon","","2022-03-02 10:39:07"
"489","https://www.victrix.ca/wp-content/uploads/2022/03/frame-44.png","png","three way handshake icon","","2022-03-02 10:39:11"
"490","https://www.victrix.ca/wp-content/uploads/2022/03/frame-45.png","png","light bulb icon","","2022-03-02 10:39:14"
"491","https://www.victrix.ca/wp-content/uploads/2022/03/frame-46.png","png","chat icon","","2022-03-02 10:39:16"
"492","https://www.victrix.ca/wp-content/uploads/2022/03/frame-47.png","png","integrity icon","","2022-03-02 10:39:18"
"558","https://www.victrix.ca/wp-content/uploads/2022/03/frame-50.png","png","certificate icon","","2022-03-02 15:23:34"
"559","https://www.victrix.ca/wp-content/uploads/2022/03/frame-49.png","png","architecture icon","","2022-03-02 15:23:36"
"560","https://www.victrix.ca/wp-content/uploads/2022/03/group.png","png","idea icon","","2022-03-02 15:23:38"
"561","https://www.victrix.ca/wp-content/uploads/2022/03/frame-48.png","png","sharepoint icon","","2022-03-02 15:23:40"
"598","https://www.victrix.ca/wp-content/uploads/2022/03/frame-54.png","png","clock icon","","2022-03-02 16:32:12"
"599","https://www.victrix.ca/wp-content/uploads/2022/03/frame-53.png","png","growth icon","","2022-03-02 16:32:14"
"600","https://www.victrix.ca/wp-content/uploads/2022/03/frame-52.png","png","feather icon","","2022-03-02 16:32:16"
"601","https://www.victrix.ca/wp-content/uploads/2022/03/frame-51.png","png","mail icon","","2022-03-02 16:32:18"
"604","https://www.victrix.ca/wp-content/uploads/2022/03/fichier-1-4.png","png","SEvOC concept","","2022-03-02 16:43:14"
"608","https://www.victrix.ca/wp-content/uploads/2022/03/frame-57.png","png","creativity icon","","2022-03-02 17:04:28"
"609","https://www.victrix.ca/wp-content/uploads/2022/03/frame-56.png","png","acceleration clock icon","","2022-03-02 17:04:30"
"610","https://www.victrix.ca/wp-content/uploads/2022/03/frame-55.png","png","growth icon","","2022-03-02 17:04:32"
"890","https://www.victrix.ca/wp-content/uploads/2022/03/victrix-favicon.png","png","victrix-favicon","","2022-03-05 15:18:29"
"891","https://www.victrix.ca/wp-content/uploads/2022/03/cropped-victrix-favicon.png","png","cropped-victrix-favicon.png","","2022-03-05 15:18:31"
"894","https://www.victrix.ca/wp-content/uploads/2022/03/victrix-logo.svg","svg","victrix-logo","","2022-03-05 15:23:11"
"982","https://www.victrix.ca/wp-content/uploads/2022/03/frame-58.png","png","search icon","","2022-03-07 11:43:08"
"1081","https://www.victrix.ca/wp-content/uploads/2022/03/frame-62.png","png","rocket icon","","2022-03-07 15:47:29"
"1082","https://www.victrix.ca/wp-content/uploads/2022/03/frame-61.png","png","surveillance icone","","2022-03-07 15:47:32"
"1083","https://www.victrix.ca/wp-content/uploads/2022/03/frame-60.png","png","gear icon","","2022-03-07 15:47:34"
"1084","https://www.victrix.ca/wp-content/uploads/2022/03/frame-59.png","png","shield icon","","2022-03-07 15:47:36"
"1115","https://www.victrix.ca/wp-content/uploads/2022/03/sans-titre-1.png","png","O bureau premier concept","","2022-03-07 16:12:29"
"1122","https://www.victrix.ca/wp-content/uploads/2022/03/frame-63.png","png","lock security icon","","2022-03-07 16:18:19"
"1123","https://www.victrix.ca/wp-content/uploads/2022/03/frame-64.png","png","checkmark icon","","2022-03-07 16:18:22"
"1146","https://www.victrix.ca/wp-content/uploads/2022/03/frame-66.png","png","icon migration","","2022-03-07 16:52:31"
"1147","https://www.victrix.ca/wp-content/uploads/2022/03/frame-65.png","png","checklist icon","","2022-03-07 16:52:33"
"1897","https://www.victrix.ca/wp-content/uploads/2022/03/vector-2.svg","svg","image vectorielle","","2022-03-10 15:59:41"
"1898","https://www.victrix.ca/wp-content/uploads/2022/03/vector-1.svg","svg","image vectorielle","","2022-03-10 15:59:43"
"2009","https://www.victrix.ca/wp-content/uploads/2022/03/istock-1272592927-1-3-1.png","png","accélération numérique","","2022-03-16 09:55:16"
"2102","https://www.victrix.ca/wp-content/uploads/2022/03/icon-category-post.svg","svg","icon-category-post","","2022-03-21 13:56:17"
"2103","https://www.victrix.ca/wp-content/uploads/2022/03/icon-category-casestudy.svg","svg","icon-category-casestudy","","2022-03-21 13:56:38"
"2104","https://www.victrix.ca/wp-content/uploads/2022/03/icon-category-whitepaper.svg","svg","icon-category-whitepaper","","2022-03-21 13:56:42"
"2105","https://www.victrix.ca/wp-content/uploads/2022/03/icon-category-video.svg","svg","icon-category-video","","2022-03-21 13:56:47"
"2123","https://www.victrix.ca/wp-content/uploads/2022/03/frame-67.png","png","Microsoft logo","","2022-03-21 15:34:20"
"2213","https://www.victrix.ca/wp-content/uploads/2022/02/icon-studio.svg","svg","icon-studio","130","2022-04-08 15:32:26"
"2215","https://www.victrix.ca/wp-content/uploads/2022/02/icon-sevoc.svg","svg","icon-sevOC","131","2022-04-08 15:32:31"
"2216","https://www.victrix.ca/wp-content/uploads/2022/02/icon-migration.svg","svg","icon-migration","132","2022-04-08 15:32:35"
"2217","https://www.victrix.ca/wp-content/uploads/2022/02/icon-resa-salle.svg","svg","icon-resa-salle","133","2022-04-08 15:32:40"
"2427","https://www.victrix.ca/wp-content/uploads/2022/04/carrieres-intro.png","png","carrieres-intro","","2022-04-25 10:09:21"
"2508","https://www.victrix.ca/wp-content/uploads/2022/04/icon-excellence.svg","svg","icon-excellence","","2022-04-26 11:53:10"
"2510","https://www.victrix.ca/wp-content/uploads/2022/04/icon-innovation.svg","svg","icon-innovation","","2022-04-26 11:53:46"
"2511","https://www.victrix.ca/wp-content/uploads/2022/04/icon-engagement.svg","svg","icon-engagement","","2022-04-26 11:53:58"
"2512","https://www.victrix.ca/wp-content/uploads/2022/04/icon-integrite.svg","svg","icon-integrite","","2022-04-26 11:54:17"
"2536","https://www.victrix.ca/wp-content/uploads/2022/04/carrieres-engagement-rse-scaled.jpg","jpg","carrieres-engagement-rse","","2022-04-26 14:24:07"
"2537","https://www.victrix.ca/wp-content/uploads/2022/04/carrieres-nous-rejoindre.jpg","jpg","carrieres-nous-rejoindre","","2022-04-26 14:25:20"
"2638","https://www.victrix.ca/wp-content/uploads/2022/02/news-services-geres.jpg","jpg","RSE","","2022-04-28 10:33:23"
"2639","https://www.victrix.ca/wp-content/uploads/2022/02/news-futur-digital.jpg","jpg","news-futur-digital","","2022-04-28 10:33:28"
"2640","https://www.victrix.ca/wp-content/uploads/2022/02/news-fibre-optique.jpg","jpg","licences et matériels bannière","","2022-04-28 10:33:32"
"2678","https://www.victrix.ca/wp-content/uploads/2022/02/avatar-author.png","png","avatar-author","","2022-05-02 14:50:49"
"2690","https://www.victrix.ca/wp-content/uploads/2022/02/studio-scaled.jpg","jpg","studio","130","2022-05-03 18:16:20"
"2691","https://www.victrix.ca/wp-content/uploads/2022/05/techno-10-ms-power-automate.svg","svg","techno-10-ms-power-automate","","2022-05-04 10:38:52"
"2692","https://www.victrix.ca/wp-content/uploads/2022/05/techno-9-ms-powerapps.svg","svg","PowerApps","","2022-05-04 10:39:30"
"2693","https://www.victrix.ca/wp-content/uploads/2022/05/techno-8-ms-onedrive.svg","svg","techno-8-ms-onedrive","","2022-05-04 10:40:09"
"2694","https://www.victrix.ca/wp-content/uploads/2022/05/techno-7-ms-planner.svg","svg","techno-7-ms-planner","","2022-05-04 10:40:24"
"2695","https://www.victrix.ca/wp-content/uploads/2022/05/techno-6-ms-forms.svg","svg","techno-6-ms-forms","","2022-05-04 10:40:39"
"2696","https://www.victrix.ca/wp-content/uploads/2022/05/techno-5-ms-sharepoint.svg","svg","techno-5-ms-sharepoint","","2022-05-04 10:40:55"
"2697","https://www.victrix.ca/wp-content/uploads/2022/05/techno-4-ms-teams.svg","svg","techno-4-ms-teams","","2022-05-04 10:41:12"
"2698","https://www.victrix.ca/wp-content/uploads/2022/05/techno-3-power-bi.svg","svg","techno-3-power-bi","","2022-05-04 10:41:53"
"2699","https://www.victrix.ca/wp-content/uploads/2022/05/techno-2-ms-stream.svg","svg","techno-2-ms-stream","","2022-05-04 10:42:19"
"2700","https://www.victrix.ca/wp-content/uploads/2022/05/techno-1-ms-onenote.svg","svg","techno-1-ms-onenote","","2022-05-04 10:42:36"
"2708","https://www.victrix.ca/wp-content/uploads/2022/05/sevoc-methodo-1.png","png","sevoc-methodo-1","","2022-05-04 16:36:25"
"2709","https://www.victrix.ca/wp-content/uploads/2022/05/sevoc-methodo-2.png","png","sevoc-methodo-2","","2022-05-04 16:36:36"
"2710","https://www.victrix.ca/wp-content/uploads/2022/05/sevoc-methodo-3.png","png","sevoc-methodo-3","","2022-05-04 16:37:06"
"2713","https://www.victrix.ca/wp-content/uploads/2022/03/icon-protection-donnees-actifs-critiques.svg","svg","icon-protection-donnees-actifs-critiques","","2022-05-05 10:55:57"
"2714","https://www.victrix.ca/wp-content/uploads/2022/03/icon-securite-utilisateur-final.svg","svg","icon-securite-utilisateur-final","","2022-05-05 10:55:59"
"2715","https://www.victrix.ca/wp-content/uploads/2022/03/icon-sentinel.svg","svg","icon-sentinel","","2022-05-05 10:56:02"
"2716","https://www.victrix.ca/wp-content/uploads/2022/03/icon-sharepoint.svg","svg","icon-sharepoint","","2022-05-05 10:56:05"
"2717","https://www.victrix.ca/wp-content/uploads/2022/03/icon-teams.svg","svg","icon-teams","","2022-05-05 10:56:07"
"2718","https://www.victrix.ca/wp-content/uploads/2022/03/icon-azure.svg","svg","icon-azure","","2022-05-05 10:56:09"
"2719","https://www.victrix.ca/wp-content/uploads/2022/03/icon-gestion-appareils.svg","svg","icon-gestion-appareils","","2022-05-05 10:56:11"
"2720","https://www.victrix.ca/wp-content/uploads/2022/03/icon-gestion-cloud-m365.svg","svg","icon-gestion-cloud-m365","","2022-05-05 10:56:13"
"2723","https://www.victrix.ca/wp-content/uploads/2022/02/solution-migration-illus-scaled.jpg","jpg","solution-migration","132","2022-05-06 10:11:10"
"2724","https://www.victrix.ca/wp-content/uploads/2022/03/services-geres-illus.jpg","jpg","services-geres-illus","","2022-05-06 10:44:22"
"2726","https://www.victrix.ca/wp-content/uploads/2022/02/solution-migration-realisation-1.jpg","jpg","solution-migration-realisation-1","132","2022-05-06 11:18:33"
"2783","https://www.victrix.ca/wp-content/uploads/2022/02/icon-studio-capacite.svg","svg","icon-studio-capacite","130","2022-05-06 16:57:08"
"2784","https://www.victrix.ca/wp-content/uploads/2022/02/icon-studio-vitesse.svg","svg","clock","130","2022-05-06 16:57:18"
"2785","https://www.victrix.ca/wp-content/uploads/2022/02/icon-studio-creativite.svg","svg","icon-studio-creativite","130","2022-05-06 16:57:24"
"2786","https://www.victrix.ca/wp-content/uploads/2022/02/studio-offre-applications.png","png","studio-offre-applications","130","2022-05-06 17:07:54"
"2787","https://www.victrix.ca/wp-content/uploads/2022/02/studio-offre-automatisation.png","png","studio-offre-automatisation","130","2022-05-06 17:08:04"
"2788","https://www.victrix.ca/wp-content/uploads/2022/02/solution-sevoc-intro.jpg","jpg","Introduction à un système evolutif de gestion de sécurité - Victrix","131","2022-05-06 17:24:22"
"2789","https://www.victrix.ca/wp-content/uploads/2022/02/sevoc-icon-evolution.svg","svg","evolution","131","2022-05-06 17:26:44"
"2791","https://www.victrix.ca/wp-content/uploads/2022/02/sevoc-icon-maintien.svg","svg","sevoc-icon-maintien","131","2022-05-06 17:27:04"
"2792","https://www.victrix.ca/wp-content/uploads/2022/02/sevoc-icon-protection.svg","svg","sevoc-icon-protection","131","2022-05-06 17:27:20"
"2793","https://www.victrix.ca/wp-content/uploads/2022/02/solution-sevoc-pourquoi.jpg","jpg","solution-sevoc-pourquoi","131","2022-05-06 17:28:53"
"2794","https://www.victrix.ca/wp-content/uploads/2022/02/reservation-bureaux-aspects-technologiques.jpg","jpg","reservation-bureaux-aspects-technologiques","133","2022-05-06 17:47:17"
"2795","https://www.victrix.ca/wp-content/uploads/2022/02/reservation-bureaux-interface.jpg","jpg","reservation-bureaux-interface","133","2022-05-06 17:49:21"
"2796","https://www.victrix.ca/wp-content/uploads/2022/02/icon-securite-1.svg","svg","icon-securite","133","2022-05-06 17:52:14"
"2797","https://www.victrix.ca/wp-content/uploads/2022/02/icon-accessibilite.svg","svg","icon-accessibilite","133","2022-05-06 17:52:22"
"2806","https://www.victrix.ca/wp-content/uploads/2022/01/guide-prevention-menace-securite-mobile.pdf","pdf","Guide-prevention-menace-securite-mobile","","2022-05-07 00:28:32"
"2854","https://www.victrix.ca/wp-content/uploads/2022/02/icon-cloud-acceleration.svg","svg","icon-cloud-acceleration","","2022-05-08 17:10:24"
"2855","https://www.victrix.ca/wp-content/uploads/2022/02/icon-cloud-identification-opportunites.svg","svg","identification opportunités","","2022-05-08 17:10:26"
"2856","https://www.victrix.ca/wp-content/uploads/2022/02/icon-cloud-preuve-concept.svg","svg","icon-cloud-preuve-concept","","2022-05-08 17:10:28"
"2857","https://www.victrix.ca/wp-content/uploads/2022/02/icon-cloud-bureau-moderne.svg","svg","icon-cloud-bureau-moderne","","2022-05-08 17:18:30"
"2858","https://www.victrix.ca/wp-content/uploads/2022/02/icon-cloud-cloud-migration.svg","svg","icon-cloud-cloud-migration","","2022-05-08 17:18:32"
"2859","https://www.victrix.ca/wp-content/uploads/2022/02/icon-cloud-dematerialisation.svg","svg","icon-cloud-dematerialisation","","2022-05-08 17:18:33"
"2860","https://www.victrix.ca/wp-content/uploads/2022/02/icon-cloud-gestion-identite.svg","svg","icon-cloud-gestion-identite","","2022-05-08 17:18:35"
"2861","https://www.victrix.ca/wp-content/uploads/2022/02/icon-cloud-hybride.svg","svg","icon-cloud-hybride","","2022-05-08 17:18:37"
"2862","https://www.victrix.ca/wp-content/uploads/2022/02/icon-cloud-infrastructure-hybride.svg","svg","icon-cloud-infrastructure-hybride","","2022-05-08 17:18:39"
"2863","https://www.victrix.ca/wp-content/uploads/2022/02/logo-aws.svg","svg","logo-aws","","2022-05-08 17:35:45"
"2864","https://www.victrix.ca/wp-content/uploads/2022/02/logo-ms-azure.svg","svg","logo-ms-azure","","2022-05-08 17:35:52"
"2865","https://www.victrix.ca/wp-content/uploads/2022/02/logo-redhat-openshift.svg","svg","logo-redhat-openshift","","2022-05-08 17:36:58"
"2866","https://www.victrix.ca/wp-content/uploads/2022/02/logo-amazon.svg","svg","logo-amazon","","2022-05-08 18:37:22"
"2867","https://www.victrix.ca/wp-content/uploads/2022/02/logo-red-hat.svg","svg","logo-red-hat","","2022-05-08 18:37:56"
"2878","https://www.victrix.ca/wp-content/uploads/2022/02/icon-productivite-intranet-moderne.svg","svg","icon-productivite-intranet-moderne","","2022-05-08 19:18:05"
"2879","https://www.victrix.ca/wp-content/uploads/2022/02/icon-productivite-m365.svg","svg","icon-productivite-m365","","2022-05-08 19:18:07"
"2880","https://www.victrix.ca/wp-content/uploads/2022/02/icon-productivite-migration-contenu.svg","svg","icon-productivite-migration-contenu","","2022-05-08 19:18:09"
"2881","https://www.victrix.ca/wp-content/uploads/2022/02/icon-productivite-powerbi.svg","svg","icon-productivite-powerbi","","2022-05-08 19:18:11"
"2882","https://www.victrix.ca/wp-content/uploads/2022/02/icon-productivite-recherche.svg","svg","icon-productivite-recherche","","2022-05-08 19:18:13"
"2883","https://www.victrix.ca/wp-content/uploads/2022/02/icon-productivite-collaboration.svg","svg","icon-productivite-collaboration","","2022-05-08 19:18:15"
"2884","https://www.victrix.ca/wp-content/uploads/2022/02/icon-productivite-gestion-automatisation-processus.svg","svg","icon-productivite-gestion-automatisation-processus","","2022-05-08 19:18:16"
"2885","https://www.victrix.ca/wp-content/uploads/2022/02/icon-productivite-gestion-documentaire.svg","svg","icon-productivite-gestion-documentaire","","2022-05-08 19:18:18"
"2923","https://www.victrix.ca/wp-content/uploads/2022/02/icon-sevoc-acceleration.svg","svg","icon-sevoc-acceleration","131","2022-05-09 15:34:06"
"2924","https://www.victrix.ca/wp-content/uploads/2022/02/icon-sevoc-amelioration.svg","svg","icon-sevoc-amelioration","131","2022-05-09 15:34:14"
"2925","https://www.victrix.ca/wp-content/uploads/2022/02/icon-sevoc-reduction.svg","svg","icon-sevoc-reduction","131","2022-05-09 15:34:25"
"2926","https://www.victrix.ca/wp-content/uploads/2022/02/icon-sevoc-liberation.svg","svg","icon-sevoc-liberation","131","2022-05-09 15:34:34"
"2927","https://www.victrix.ca/wp-content/uploads/2022/02/icon-planification.svg","svg","icon-planification","132","2022-05-09 16:24:50"
"2928","https://www.victrix.ca/wp-content/uploads/2022/02/icon-deploiement.svg","svg","icon-deploiement","132","2022-05-09 16:25:35"
"2936","https://www.victrix.ca/wp-content/uploads/2022/02/reservation-bureau-intro.png","png","reservation-bureau-intro","133","2022-05-09 17:48:10"
"3050","https://www.victrix.ca/wp-content/uploads/2022/05/5-principaux-benefices-infonuagique.pdf","pdf","5-principaux-benefices-infonuagique","","2022-05-10 11:21:27"
"3055","https://www.victrix.ca/wp-content/uploads/2015/07/victrix-agrm.jpg","jpg","Victrix-agrm","","2022-05-10 12:16:56"
"3057","https://www.victrix.ca/wp-content/uploads/2022/05/logo-victrix.jpg","jpg","logo Victrix","","2022-05-10 13:07:17"
"3060","https://www.victrix.ca/wp-content/uploads/2022/05/partenariat.jpg","jpg","partenariat","","2022-05-10 13:14:47"
"3066","https://www.victrix.ca/wp-content/uploads/0206/05/vmware-nsx-network-virtualization-platform-white-paper.pdf","pdf","vmware-nsx-network-virtualization-platform-white-paper","","2022-05-10 13:20:27"
"3067","https://www.victrix.ca/wp-content/uploads/0206/05/vmware-network-virtualization-infographic.pdf","pdf","vmware-network-virtualization-infographic","","2022-05-10 13:20:39"
"3068","https://www.victrix.ca/wp-content/uploads/0206/05/4-astuces-productivite-cisco.pdf","pdf","4-astuces-productivite-Cisco","","2022-05-10 13:20:43"
"3069","https://www.victrix.ca/wp-content/uploads/0206/05/5-astuces-mobilite.pdf","pdf","5-astuces-mobilite","","2022-05-10 13:20:48"
"3070","https://www.victrix.ca/wp-content/uploads/2022/05/top500.jpg","jpg","top500","","2022-05-10 13:20:50"
"3071","https://www.victrix.ca/wp-content/uploads/0206/05/5-biggest-cio-commumications-problems-solved-ebook.pdf","pdf","5-biggest-cio-commumications-problems-solved-ebook","","2022-05-10 13:20:51"
"3072","https://www.victrix.ca/wp-content/uploads/0206/05/5-principaux-benefices-infonuagique.pdf","pdf","5-principaux-benefices-infonuagique","","2022-05-10 13:20:55"
"3073","https://www.victrix.ca/wp-content/uploads/0206/05/6-nouvelles-fonctionnalites-cisco-unified-communications-manager.pdf","pdf","6-nouvelles-fonctionnalites-Cisco-unified-communications-manager","","2022-05-10 13:20:59"
"3075","https://www.victrix.ca/wp-content/uploads/0206/05/analyse-de-la-couverture-les-top-10-classes-de-vulnerabilite-pour-les-site-web.pdf","pdf","Analyse de la couverture les top 10 classes de vulnérabilité pour les site web","","2022-05-10 13:21:04"
"3076","https://www.victrix.ca/wp-content/uploads/0206/05/bases-virtualisation-ebook.pdf","pdf","Bases-virtualisation-ebook","","2022-05-10 13:21:07"
"3077","https://www.victrix.ca/wp-content/uploads/0206/05/communications-unifiees-infonuagique.pdf","pdf","communications-unifiees-infonuagique","","2022-05-10 13:21:11"
"3078","https://www.victrix.ca/wp-content/uploads/0206/05/ems-ebook-victrix.pdf","pdf","EMS - eBook - Victrix","","2022-05-10 13:21:15"
"3079","https://www.victrix.ca/wp-content/uploads/0206/05/infographie-logiciel-rancon-victrix_.pdf","pdf","Infographie-logiciel-rancon-victrix_","","2022-05-10 13:21:20"
"3080","https://www.victrix.ca/wp-content/uploads/0206/05/infographie-motivations-cybermenances.pdf","pdf","infographie-motivations-cybermenances","","2022-05-10 13:21:24"
"3081","https://www.victrix.ca/wp-content/uploads/0206/05/investissement_ems_ebook_victrix.pdf","pdf","Investissement_EMS_eBook_Victrix","","2022-05-10 13:21:28"
"3082","https://www.victrix.ca/wp-content/uploads/0206/05/les-secrets-deploiement-agile-rapide-sharepoint-office-365.pdf","pdf","Les-secrets-deploiement-agile-rapide-SharePoint-Office-365","","2022-05-10 13:21:34"
"3083","https://www.victrix.ca/wp-content/uploads/0206/05/livre-blanc-azure-victrix.pdf","pdf","Livre-Blanc-Azure-Victrix","","2022-05-10 13:21:40"
"3084","https://www.victrix.ca/wp-content/uploads/0206/05/livre-blanc-cybermenaces.pdf","pdf","livre-blanc-cybermenaces","","2022-05-10 13:21:44"
"3085","https://www.victrix.ca/wp-content/uploads/0206/05/microsoft-cie-victrix-deck-fr.pdf","pdf","Microsoft-CIE-Victrix-Deck-FR","","2022-05-10 13:21:48"
"3086","https://www.victrix.ca/wp-content/uploads/0206/05/mobilite-ebook-victrix.pdf","pdf","Mobilité - eBook - Victrix","","2022-05-10 13:21:52"
"3087","https://www.victrix.ca/wp-content/uploads/0206/05/ods-solution-victrix-vpn-ssl.pdf","pdf","ODS-Solution-Victrix-VPN-SSL","","2022-05-10 13:21:58"
"3088","https://www.victrix.ca/wp-content/uploads/0206/05/preparer-votre-intranet-ere-milieu-travail-numerique-ebook-victrix.pdf","pdf","PREPARER-VOTRE-INTRANET-ERE-MILIEU-TRAVAIL-NUMERIQUE-eBook-Victrix","","2022-05-10 13:22:01"
"3089","https://www.victrix.ca/wp-content/uploads/0206/05/rapport-menaces-juin-2016.pdf","pdf","rapport-menaces-juin-2016 McAfee","","2022-05-10 13:22:06"
"3090","https://www.victrix.ca/wp-content/uploads/0206/05/top-30-plus-vulnerabilites-haut-risque.pdf","pdf","top 30 vulnérabilité haut risque Check Point","","2022-05-10 13:22:12"
"3096","https://www.victrix.ca/wp-content/uploads/2016/09/victrix-noverka-header3.png","png","Victrix-Noverka-header3","","2022-05-10 13:25:14"
"3104","https://www.victrix.ca/wp-content/uploads/0216/10/sharepoint.png","png","sharepoint day","","2022-05-10 13:28:14"
"3111","https://www.victrix.ca/wp-content/uploads/2016/09/rimq.png","png","RIMQ","","2022-05-10 13:41:41"
"3115","https://www.victrix.ca/wp-content/uploads/2017/06/acquisition_victrix_vt.jpg","jpg","Acquisition_Victrix_VT","","2022-05-10 13:45:03"
"3118","https://www.victrix.ca/wp-content/uploads/2022/05/euronext.png","png","euronext","","2022-05-10 13:48:52"
"3125","https://www.victrix.ca/wp-content/uploads/2019/02/victrix-15ans.png","png","VICTRIX-15ANS","","2022-05-10 13:57:00"
"3137","https://www.victrix.ca/wp-content/uploads/2022/05/branham300.png","png","BRANHAM300","","2022-05-10 14:02:19"
"3145","https://www.victrix.ca/wp-content/uploads/2022/02/reservation-bureaux-1-resa.jpg","jpg","reservation-bureaux-1-resa","133","2022-05-10 14:55:50"
"3146","https://www.victrix.ca/wp-content/uploads/2022/02/reservation-bureaux-2-dashboard.jpg","jpg","reservation-bureaux-2-dashboard","133","2022-05-10 14:55:51"
"3147","https://www.victrix.ca/wp-content/uploads/2022/02/reservation-bureaux-3-gestion-edifices.jpg","jpg","reservation-bureaux-3-gestion-edifices","133","2022-05-10 14:55:53"
"3148","https://www.victrix.ca/wp-content/uploads/2022/02/reservation-bureaux-4-gestion-bureaux.jpg","jpg","reservation-bureaux-4-gestion-bureaux","133","2022-05-10 14:55:55"
"3150","https://www.victrix.ca/wp-content/uploads/2022/05/giorgio-trovato-_xty6ld8jgm-unsplash-scaled.jpg","jpg","giorgio-trovato-_XTY6lD8jgM-unsplash","","2022-05-10 14:59:39"
"3151","https://www.victrix.ca/wp-content/uploads/2022/05/studio-offre-gouvernance.png","png","studio-offre-gouvernance","3000","2022-05-10 15:11:47"
"3165","https://www.victrix.ca/wp-content/uploads/2021/04/istock-1285845329-1.jpg","jpg","Exterior view of the Euronext building in the business district of Paris La D√©fense","","2022-05-10 15:23:35"
"3275","https://www.victrix.ca/wp-content/uploads/2022/05/cover-artivle_partie-3-defense-scaled.jpg","jpg","COVER ARTIVLE_PARTIE 3 - DÉFENSE","3250","2022-05-11 16:59:45"
"3276","https://www.victrix.ca/wp-content/uploads/2022/05/cover-artivle_partie-1-maintenance-scaled.jpg","jpg","COVER ARTIVLE_PARTIE 1 - MAINTENANCE","3250","2022-05-11 16:59:55"
"3277","https://www.victrix.ca/wp-content/uploads/2022/05/cover-artivle_partie-2-surveillance-scaled.jpg","jpg","COVER ARTIVLE_PARTIE 2 - SURVEILLANCE","3250","2022-05-11 17:00:03"
"3401","https://www.victrix.ca/wp-content/uploads/2022/05/istock-508289586.jpg","jpg","Microsoft  apps on Apple iPhone 6S Plus Screen","3400","2022-05-30 09:47:59"
"3403","https://www.victrix.ca/wp-content/uploads/2022/05/001-tech-support.svg","svg","001-tech-support","3400","2022-05-30 09:59:44"
"3404","https://www.victrix.ca/wp-content/uploads/2022/05/002-administration.svg","svg","002-administration","3400","2022-05-30 09:59:46"
"3405","https://www.victrix.ca/wp-content/uploads/2022/05/003-gears.svg","svg","003-gears","3400","2022-05-30 09:59:48"
"3406","https://www.victrix.ca/wp-content/uploads/2022/05/004-evolution.svg","svg","004-evolution","3400","2022-05-30 09:59:50"
"3407","https://www.victrix.ca/wp-content/uploads/2022/05/005-secure-shield.svg","svg","005-secure-shield","3400","2022-05-30 09:59:51"
"3408","https://www.victrix.ca/wp-content/uploads/2022/05/istock-1356386941.jpg","jpg","Mature man looking at a digital tablet that a colleague is showing at work","3400","2022-05-30 10:06:19"
"3409","https://www.victrix.ca/wp-content/uploads/2022/05/001-settings.svg","svg","001-settings","3400","2022-05-30 10:21:05"
"3410","https://www.victrix.ca/wp-content/uploads/2022/05/002-technology.svg","svg","002-technology","3400","2022-05-30 10:21:11"
"3411","https://www.victrix.ca/wp-content/uploads/2022/05/003-startup.svg","svg","003-startup","3400","2022-05-30 10:21:13"
"3417","https://www.victrix.ca/wp-content/uploads/2022/05/m-365.svg","svg","m-365","3400","2022-05-30 11:13:47"
"3418","https://www.victrix.ca/wp-content/uploads/2022/05/001-defense.svg","svg","001-defense","2999","2022-05-31 11:01:12"
"3419","https://www.victrix.ca/wp-content/uploads/2022/03/choice.svg","svg","personnalized","","2022-05-31 14:06:24"
"3425","https://www.victrix.ca/wp-content/uploads/2022/02/iphone_12_pro_mockup_by_graphiclist-1.png","png","iPhone_12_Pro_Mockup_By_GraphicList","133","2022-06-01 16:31:15"
"3426","https://www.victrix.ca/wp-content/uploads/2022/05/new-resa.png","png","NEW RESA","2996","2022-06-01 16:52:14"
"3427","https://www.victrix.ca/wp-content/uploads/2022/05/dashboard.png","png","DASHBOARD","2996","2022-06-01 16:52:24"
"3428","https://www.victrix.ca/wp-content/uploads/2022/05/bureaux.png","png","BUREAUX","2996","2022-06-01 16:52:34"
"3429","https://www.victrix.ca/wp-content/uploads/2022/02/001-cloud-computing.svg","svg","001-cloud-computing","132","2022-06-02 09:49:27"
"3430","https://www.victrix.ca/wp-content/uploads/2022/02/002-search.svg","svg","002-search","132","2022-06-02 09:49:36"
"3431","https://www.victrix.ca/wp-content/uploads/2022/02/003-cloud-computing-1.svg","svg","003-cloud-computing-1","132","2022-06-02 09:49:46"
"3432","https://www.victrix.ca/wp-content/uploads/0206/05/victrix-votre-cybersecurite.png","png","victrix-votre-cybersécurité","","2022-06-02 14:11:56"
"3434","https://www.victrix.ca/wp-content/uploads/0206/05/livret-victrix.pdf","pdf","Livret Victrix","","2022-06-02 14:13:58"
"4210","https://www.victrix.ca/wp-content/uploads/0206/05/livret-services-geres.pdf","pdf","Livret Services Gérés","","2023-02-07 17:34:17"
"4231","https://www.victrix.ca/wp-content/uploads/2022/02/comp-1.mp4","mp4","O studio calendar app","130","2023-02-23 17:55:55"
"4232","https://www.victrix.ca/wp-content/uploads/2022/02/comp-1_1_2.mp4","mp4","O studio app calendrier","130","2023-02-23 18:15:22"
"4233","https://www.victrix.ca/wp-content/uploads/2022/02/comp-1_2.mp4","mp4","O studio application","130","2023-02-23 18:26:14"
"4235","https://www.victrix.ca/wp-content/uploads/2022/02/comp-1_5.gif","gif","Comp 1_5","130","2023-02-24 01:00:16"
"4249","https://www.victrix.ca/wp-content/uploads/2023/03/comp-1_1-1.gif","gif","Comp 1_1 (1)","4240","2023-03-08 04:24:04"
"4356","https://www.victrix.ca/wp-content/uploads/2023/04/landingpage.png","png","LANDINGPAGE","4355","2023-04-26 21:49:23"
"4357","https://www.victrix.ca/wp-content/uploads/2023/04/landingpagetop.png","png","LANDINGPAGETOP","4355","2023-04-26 22:12:01"
"4358","https://www.victrix.ca/wp-content/uploads/2023/04/landingpagetophalf.png","png","LANDINGPAGETOPHALF","4355","2023-04-26 22:31:28"
"4363","https://www.victrix.ca/wp-content/uploads/2023/04/landingpagetopp.png","png","LANDINGPAGETOPP","4355","2023-04-27 08:02:59"
"4367","https://www.victrix.ca/wp-content/uploads/2023/04/engineering.svg","svg","engineering","4355","2023-04-27 08:22:13"
"4368","https://www.victrix.ca/wp-content/uploads/2023/04/productivity.svg","svg","productivity","4355","2023-04-27 08:22:14"
"4369","https://www.victrix.ca/wp-content/uploads/2023/04/simplify.svg","svg","simplify","4355","2023-04-27 08:22:16"
"4370","https://www.victrix.ca/wp-content/uploads/2023/04/image1-1.jpg","jpg","Image1 (1)","4355","2023-04-27 08:53:58"
"4376","https://www.victrix.ca/wp-content/uploads/2023/04/vecteezy_concept-inometric-illustration-of-cloud-server-data-analysis_15593407.jpg","jpg","vecteezy_concept-inometric-illustration-of-cloud-server-data-analysis_15593407","4355","2023-04-27 09:21:11"
"4378","https://www.victrix.ca/wp-content/uploads/2023/04/istock-1427631515-scaled.jpg","jpg","Side view on meeting room with light modern furniture and city view from glass wall behind blurred glass partition from office area with concrete floor. 3D rendering","4355","2023-04-27 09:33:23"
"4380","https://www.victrix.ca/wp-content/uploads/2023/04/vecteezy_concept-inometric-illustration-of-cloud-server-data-analysis_15593407-removebg-preview.png","png","vecteezy_concept-inometric-illustration-of-cloud-server-data-analysis_15593407-removebg-preview","4355","2023-04-27 09:50:28"
"4383","https://www.victrix.ca/wp-content/uploads/2023/04/tabletobureau.png","png","tabletobureau","4355","2023-04-28 04:39:49"
"4384","https://www.victrix.ca/wp-content/uploads/2023/04/obureaupagetop.png","png","obureaupagetop","4355","2023-04-28 04:43:56"
"4385","https://www.victrix.ca/wp-content/uploads/2023/04/obureaupagetoplow.png","png","obureaupagetopLOW","4355","2023-04-28 04:49:07"
"4387","https://www.victrix.ca/wp-content/uploads/2023/04/powerapps-e1682653932539.png","png","PowerApps","4355","2023-04-28 05:51:51"
"4388","https://www.victrix.ca/wp-content/uploads/2023/04/powerautomate-e1682654293739.png","png","PowerAutomate","4355","2023-04-28 05:57:05"
"4389","https://www.victrix.ca/wp-content/uploads/2023/04/powerbi-e1682654312943.png","png","PowerBI","4355","2023-04-28 05:57:07"
"4390","https://www.victrix.ca/wp-content/uploads/2023/04/powerpages-e1682654325459.png","png","PowerPages","4355","2023-04-28 05:57:08"
"4391","https://www.victrix.ca/wp-content/uploads/2023/04/powervirtualagents-e1682654351475.png","png","PowerVirtualAgents","4355","2023-04-28 05:57:10"
"4392","https://www.victrix.ca/wp-content/uploads/2023/04/laptopobureau.png","png","laptopobureau","4355","2023-04-28 06:12:48"
"4393","https://www.victrix.ca/wp-content/uploads/2023/04/oevlwq0.jpg","jpg","OEVLWQ0","4355","2023-04-28 06:22:24"
"4397","https://www.victrix.ca/wp-content/uploads/2023/04/obureauwebpage-2.png","png","obureauwebpage","4355","2023-04-28 06:34:48"
"4398","https://www.victrix.ca/wp-content/uploads/2023/04/obureaupagetophalf.png","png","obureaupagetophalf","4355","2023-04-28 06:35:54"
"4402","https://www.victrix.ca/wp-content/uploads/2023/04/istock-822027018-scaled-e1683050924805.jpg","jpg","Fiber Optic Background","4355","2023-05-02 20:07:21"
"4403","https://www.victrix.ca/wp-content/uploads/2023/04/istock-1297027123-scaled-e1683054922378.jpg","jpg","Empty corridor in modern office building","4355","2023-05-02 20:11:49"
"4406","https://www.victrix.ca/wp-content/uploads/2023/04/tabletobureau2.png","png","tabletobureau2","4355","2023-05-02 22:33:54"
"4408","https://www.victrix.ca/wp-content/uploads/2023/04/obureauuuuu-1.png","png","obureauuuuu","4355","2023-05-03 22:16:00"
"4420","https://www.victrix.ca/wp-content/uploads/2023/05/obureauuuuu4.png","png","obureauuuuu4","","2023-05-04 19:02:37"
"4476","https://www.victrix.ca/wp-content/uploads/2023/05/loi-25.png","png","Loi 25","","2023-05-17 11:02:14"
"4493","https://www.victrix.ca/wp-content/uploads/2023/05/activites-proposees.png","png","Activites proposees","","2023-05-17 11:35:52"
"4520","https://www.victrix.ca/wp-content/uploads/2023/05/activites-proposees_2.png","png","Activites proposees_2","","2023-05-17 12:01:06"
"4525","https://www.victrix.ca/wp-content/uploads/2023/05/gouvernance.png","png","Gouvernance","","2023-05-17 13:12:28"
"4530","https://www.victrix.ca/wp-content/uploads/2023/05/audit-de-securite.png","png","Audit de securite","","2023-05-17 13:49:19"
"4590","https://www.victrix.ca/wp-content/uploads/2023/05/capture-decran-2023-05-17-a-15-33-35.png","png","Outils de gestion","","2023-05-17 15:34:02"
"4593","https://www.victrix.ca/wp-content/uploads/2023/05/istock-1287244680-scaled.jpg","jpg","Legal advice online, labor law concept, layer or notary working.","","2023-05-17 15:35:16"
"4608","https://www.victrix.ca/wp-content/uploads/2023/04/screenshot.png","png","SCREENSHOT","4355","2023-05-24 08:04:30"
"4714","https://www.victrix.ca/wp-content/uploads/2023/05/andras-vas-bd7gnnwjbku-unsplash-scaled.jpg","jpg","Laptop ouvert pour représenter la loi 25 et la cybersécurité.","","2023-05-24 18:47:47"
"4849","https://www.victrix.ca/wp-content/uploads/0206/05/audit.svg","svg","Audit","","2023-05-25 14:42:20"
"4850","https://www.victrix.ca/wp-content/uploads/0206/05/formation.svg","svg","Formation","","2023-05-25 14:42:22"
"4852","https://www.victrix.ca/wp-content/uploads/0206/05/gouvernance.svg","svg","Gouvernance","","2023-05-25 14:42:26"
"4891","https://www.victrix.ca/wp-content/uploads/2023/05/istock-1336009295.jpg","jpg","Shot of two businessmen using a laptop during a meeting in a modern office","","2023-05-25 15:37:54"
"4911","https://www.victrix.ca/wp-content/uploads/2023/05/microsoft2-1.png","png","microsoft2","4904","2023-05-25 22:40:44"
"4912","https://www.victrix.ca/wp-content/uploads/2023/05/microsoft2.png","png","microsoft2","4904","2023-05-25 22:47:31"
"4914","https://www.victrix.ca/wp-content/uploads/2023/05/microsoft3-e1685109303447.png","png","microsoft solutions partner logo","4904","2023-05-26 15:53:51"
"4915","https://www.victrix.ca/wp-content/uploads/2023/05/microsoft4-e1685109632444.png","png","microsoft4","4904","2023-05-26 15:58:23"
"4917","https://www.victrix.ca/wp-content/uploads/2023/05/microsoft5.png","png","microsoft5","4904","2023-05-26 16:21:06"
"4918","https://www.victrix.ca/wp-content/uploads/2023/05/microsoft6.png","png","microsoft6","4904","2023-05-26 16:23:18"
"4919","https://www.victrix.ca/wp-content/uploads/2023/05/microsoft7-e1685112839615.png","png","microsoft","4904","2023-05-26 16:52:27"
"4920","https://www.victrix.ca/wp-content/uploads/2023/05/microsoft8-e1685117014208.png","png","microsoft8","4904","2023-05-26 18:00:22"
"4921","https://www.victrix.ca/wp-content/uploads/2023/05/ostudio.png","png","ostudio","4904","2023-05-26 20:16:54"
"4922","https://www.victrix.ca/wp-content/uploads/2023/05/power-suite-haut2.png","png","power-suite-haut2","4904","2023-05-26 21:32:12"
"4927","https://www.victrix.ca/wp-content/uploads/2023/05/offre-sevoc.png","png","Offre-sevoc","","2023-05-30 23:15:51"
"4974","https://www.victrix.ca/wp-content/uploads/2023/04/tabletobureau2-1-e1685720329562.png","png","tabletobureau2","4355","2023-06-02 17:11:53"
"4975","https://www.victrix.ca/wp-content/uploads/2023/04/tabletobureau-2.png","png","tabletobureau","4355","2023-06-02 17:36:54"
"4976","https://www.victrix.ca/wp-content/uploads/2023/04/tatabletobureau.png","png","tatabletobureau","4355","2023-06-02 17:37:47"
"4977","https://www.victrix.ca/wp-content/uploads/2023/04/tabletteobureau.png","png","tabletteObureau","4355","2023-06-02 17:50:13"
"4978","https://www.victrix.ca/wp-content/uploads/2023/04/tabletteobureau2-e1685721051337.png","png","tabletteObureau2","4355","2023-06-02 17:50:28"
"5054","https://www.victrix.ca/wp-content/uploads/2023/06/icon-formation.svg","svg","icon-formation","5053","2023-06-12 18:13:06"
"5058","https://www.victrix.ca/wp-content/uploads/2023/06/pexels-rostislav-uzunov-5011647-scaled.jpg","jpg","concept numérique cube","","2023-06-20 09:52:05"
"5073","https://www.victrix.ca/wp-content/uploads/2023/06/pexels-rostislav-uzunov-5011647-1-scaled.jpg","jpg","pexels-rostislav-uzunov-5011647","","2023-06-20 10:06:41"
"5104","https://www.victrix.ca/wp-content/uploads/2023/06/beneva.png","png","Beneva","","2023-06-20 11:01:20"
"5105","https://www.victrix.ca/wp-content/uploads/2023/06/csmblogo.webp","webp","csmblogo","","2023-06-20 11:02:00"
"5106","https://www.victrix.ca/wp-content/uploads/2023/06/innergex.png","png","Innergex","","2023-06-20 11:02:47"
"5107","https://www.victrix.ca/wp-content/uploads/2023/06/logo_cascades_transparent.png","png","logo_cascades_transparent","","2023-06-20 11:03:13"
"5108","https://www.victrix.ca/wp-content/uploads/2023/06/logo.png","png","logo","","2023-06-20 11:03:41"
"5109","https://www.victrix.ca/wp-content/uploads/2023/06/minerai_de_fer_qu_bec.png","png","Minerai_de_fer_Qu_bec","","2023-06-20 11:03:54"
"5110","https://www.victrix.ca/wp-content/uploads/2023/06/sqdc-logo.png","png","Sqdc-logo","","2023-06-20 11:04:47"
"5111","https://www.victrix.ca/wp-content/uploads/2023/06/videotron_2017_logo.png","png","Vidéotron_2017_logo","","2023-06-20 11:04:59"
"5112","https://www.victrix.ca/wp-content/uploads/2023/06/yqb.png","png","YQB","","2023-06-20 11:05:33"
"5113","https://www.victrix.ca/wp-content/uploads/2023/06/ponts_jacques_cartier_et_champlain_incorporee.png","png","Ponts_Jacques_Cartier_et_Champlain_Incorporée","","2023-06-20 11:06:21"
"5114","https://www.victrix.ca/wp-content/uploads/2023/06/ponts_jacques_cartier_et_champlain_incorporee-1.png","png","Ponts_Jacques_Cartier_et_Champlain_Incorporée","","2023-06-20 11:06:43"
"5115","https://www.victrix.ca/wp-content/uploads/2023/06/logo-centre-integre.jpg","jpg","logo-centre-integre","","2023-06-20 11:07:59"
"5124","https://www.victrix.ca/wp-content/uploads/2023/06/istock-175253971-1-scaled.jpg","jpg","Blue, green and yellow-lit traveling night blur","","2023-06-20 11:19:32"
"5127","https://www.victrix.ca/wp-content/uploads/2023/06/istock-1349821575-scaled.jpg","jpg","Traffic trails in Financial District","","2023-06-20 11:21:00"
"5134","https://www.victrix.ca/wp-content/uploads/2023/06/istock-1322220448-1-scaled.jpg","jpg","Abstract Digital Futuristic Eye","","2023-06-20 11:22:41"
"5137","https://www.victrix.ca/wp-content/uploads/2023/06/sans-titre.png","png","plateforme employée small","","2023-06-20 11:26:28"
"5185","https://www.victrix.ca/wp-content/uploads/2023/06/capture-decran-2023-06-20-a-16-23-14.png","png","Microsoft Partner and microsoft viva logos","","2023-06-20 16:23:32"
"5188","https://www.victrix.ca/wp-content/uploads/2023/06/plan-de-travail-2.png","png","Microsoft Partner and microsoft viva logos","","2023-06-20 16:31:05"
"5191","https://www.victrix.ca/wp-content/uploads/2023/06/capture-decran-2023-06-20-a-16-32-08.png","png","Microsoft Partner and microsoft viva logos","","2023-06-20 16:32:23"
"5203","https://www.victrix.ca/wp-content/uploads/2023/06/capture-decran-2023-06-20-a-16-58-19.png","png","Schéma Plateforme Employé","","2023-06-20 16:58:34"
"5208","https://www.victrix.ca/wp-content/uploads/2023/06/istock-1254825733-1-scaled.jpg","jpg","Plateforme Employé","","2023-06-20 17:17:56"
"5211","https://www.victrix.ca/wp-content/uploads/2023/06/ponts_jacques_cartier_et_champlain_incorporee-2.png","png","Ponts_Jacques_Cartier_et_Champlain_Incorporée","","2023-06-20 17:24:07"
"5214","https://www.victrix.ca/wp-content/uploads/2023/06/logo-ciusscn-300x144-1.png","png","Logo-CIUSSCN-300x144","","2023-06-20 17:27:30"
"5229","https://www.victrix.ca/wp-content/uploads/2023/04/information-1.svg","svg","information (1)","4355","2023-06-26 16:44:23"
"5230","https://www.victrix.ca/wp-content/uploads/2023/04/information-2.svg","svg","information (2)","4355","2023-06-26 16:45:10"
"5248","https://www.victrix.ca/wp-content/uploads/2023/07/banniere_victrix-lambda-e1688580940691.jpg","jpg","Bannière_victrix-lambda","5241","2023-07-05 18:09:28"
"5252","https://www.victrix.ca/wp-content/uploads/2023/07/victrix-lambda.jpg","jpg","Victrix-lambda","5241","2023-07-05 18:23:38"
"5309","https://www.victrix.ca/wp-content/uploads/2023/07/victrix-lambda-1.jpg","jpg","Victrix-lambda-joining","","2023-07-05 22:29:10"
"5326","https://www.victrix.ca/wp-content/uploads/2023/04/outlook-logo-microsoft.svg","svg","outlook-logo-microsoft","4355","2023-07-13 22:26:49"
"5328","https://www.victrix.ca/wp-content/uploads/2023/04/microsoft_office_outlook_.png","png","Microsoft_Office_Outlook_","4355","2023-07-13 22:31:54"
"5379","https://www.victrix.ca/wp-content/uploads/2023/08/eng_plateforme.png","png","eng_plateforme","","2023-08-07 19:18:28"
"5380","https://www.victrix.ca/wp-content/uploads/2023/08/plateforme.png","png","plateforme","","2023-08-07 19:18:31"
"5392","https://www.victrix.ca/wp-content/uploads/2023/08/ostudiobackground6.png","png","ostudiobackground6","5383","2023-08-08 15:21:37"
"5393","https://www.victrix.ca/wp-content/uploads/2023/08/what-is-dynamics-365.webp","webp","what-is-dynamics-365","5383","2023-08-08 17:37:27"
"5423","https://www.victrix.ca/wp-content/uploads/2023/08/dynamics-3652.png","png","dynamics-365(2)","5383","2023-08-09 22:30:51"
"5428","https://www.victrix.ca/wp-content/uploads/2023/08/2-scaled-e1691776260854.jpg","jpg","2","5383","2023-08-11 18:12:27"
"5429","https://www.victrix.ca/wp-content/uploads/2023/08/offres.png","png","offres","5383","2023-08-14 05:01:54"
"5430","https://www.victrix.ca/wp-content/uploads/2023/08/offres2.png","png","offres2","5383","2023-08-14 05:02:01"
"5431","https://www.victrix.ca/wp-content/uploads/2023/08/offres3.png","png","offres3","5383","2023-08-14 05:02:09"
"5433","https://www.victrix.ca/wp-content/uploads/2023/08/microsoftdynamics365.png","png","microsoftdynamics365","5383","2023-08-14 05:59:27"
"5466","https://www.victrix.ca/wp-content/uploads/2022/05/portail-cybersecurite.svg","svg","portail-cybersecurite","","2023-08-21 14:31:52"
"5468","https://www.victrix.ca/wp-content/uploads/2022/05/portail-employe.svg","svg","portail-employe","","2023-08-21 14:32:05"
"5529","https://www.victrix.ca/wp-content/uploads/0206/05/obureau_conditions-dutilisation-et-politique-de-confidentialite.pdf","pdf","ØBureau_Conditions d'utilisation et Politique de confidentialité","","2023-08-21 22:20:01"
"5676","https://www.victrix.ca/wp-content/uploads/2023/10/istock-1310129244-1.jpg","jpg","Cybersecurity Digital Technology Security","5635","2023-10-04 19:32:34"
"5685","https://www.victrix.ca/wp-content/uploads/0206/05/istock-180758752-e1696442596670.jpg","jpg","Learning","5635","2023-10-04 19:50:39"
"5699","https://www.victrix.ca/wp-content/uploads/2023/10/istock-1194430783-scaled.jpg","jpg","Three IT Engineers / Programmers Talking about Work, Using Computers. Technical Department with Data Server Racks. Software Development / Code Writing / Website Design / Database Architecture","5635","2023-10-04 20:07:37"
"5706","https://www.victrix.ca/wp-content/uploads/2023/10/istock-1325680818-scaled.jpg","jpg","Growth arrow up and progress success business skill increase improvement graph on market profit stock background with goal of achievement futuristic finance economy.","5635","2023-10-04 20:13:30"
"5711","https://www.victrix.ca/wp-content/uploads/2023/10/istock-1458001398-scaled.jpg","jpg","Business people in office. Senior businessman using laptop in modern corporate office","5635","2023-10-04 20:17:45"
"5720","https://www.victrix.ca/wp-content/uploads/2023/10/sevoc.png","png","sevoc","5635","2023-10-04 20:38:18"
"5773","https://www.victrix.ca/wp-content/uploads/0206/05/book-realisations-ostudio.pdf","pdf","Book-realisations-Østudio","","2023-10-11 22:36:21"
"5857","https://www.victrix.ca/wp-content/uploads/2023/10/ztna-victrix-scaled.jpg","jpg","Glowing Blue Circuit With Security Lock","5790","2023-10-18 22:35:04"
"5862","https://www.victrix.ca/wp-content/uploads/2023/10/ztna-victrix-1-scaled.jpg","jpg","Glowing Blue Circuit With Security Lock","5830","2023-10-18 22:45:03"
"5933","https://www.victrix.ca/wp-content/uploads/2023/11/sase-victrix.png","png","SASE-victrix","5883","2023-11-02 21:53:22"
"5939","https://www.victrix.ca/wp-content/uploads/2023/11/sase-victrix-1.png","png","SASE-victrix","5938","2023-11-02 22:11:47"
"5961","https://www.victrix.ca/wp-content/uploads/2023/11/post-iso27001-victrix.png","png","Post-ISO27001-victrix","","2023-11-07 18:14:19"
"6003","https://www.victrix.ca/wp-content/uploads/2023/11/securite.png","png","securité","","2023-11-14 03:55:37"
"6011","https://www.victrix.ca/wp-content/uploads/2023/11/berkeley-communications-weddt-u3q3o-unsplash-2.jpg","jpg","Protection de l’infrastructure réseau par des experts en cybersécurité.","","2023-11-14 21:11:22"
"6013","https://www.victrix.ca/wp-content/uploads/2023/11/sevocc-1.png","png","sevocc","","2023-11-14 21:21:54"
"6018","https://www.victrix.ca/wp-content/uploads/2023/11/rs-format-carre.png","png","ISO 27001 - Victrix","","2023-11-14 23:00:36"
"6020","https://www.victrix.ca/wp-content/uploads/2023/11/victrix_sevoc-e1700062842600.png","png","VICTRIX SEVOC","","2023-11-15 16:33:54"
"6028","https://www.victrix.ca/wp-content/uploads/2023/11/ransomware-e1701148187185.png","png","ransomware","","2023-11-28 06:08:34"
"6045","https://www.victrix.ca/wp-content/uploads/2023/11/ransomware2.png","png","ransomware2","","2023-11-28 06:35:40"
"6053","https://www.victrix.ca/wp-content/uploads/2023/11/ransomware3.png","png","ransomware3","","2023-11-28 06:43:22"
"6059","https://www.victrix.ca/wp-content/uploads/2023/11/ransomware3-1.png","png","ransomware3","","2023-11-28 06:50:58"
"6140","https://www.victrix.ca/wp-content/uploads/2023/11/victrix_sevoc-1-e1701322153436.png","png","victrix_sevoc","6116","2023-11-30 06:27:53"
"6158","https://www.victrix.ca/wp-content/uploads/2023/11/ransomware-e1701148187185-1024x741-1.png","png","ransomware-e1701148187185-1024x741","6155","2023-11-30 22:07:17"
"6160","https://www.victrix.ca/wp-content/uploads/2023/11/ransomware2-1536x213-1.png","png","ransomware2-1536x213","6155","2023-11-30 22:10:04"
"6191","https://www.victrix.ca/wp-content/uploads/2024/02/apps-microsoft-viva.png","png","Apps Microsoft Viva","6182","2024-02-14 22:23:30"
"6198","https://www.victrix.ca/wp-content/uploads/2024/02/microsoft-viva_image-article.png","png","Microsoft Viva_image article","6182","2024-02-15 16:05:18"
"6200","https://www.victrix.ca/wp-content/uploads/2024/02/microsoft-viva_image-article-1.png","png","Microsoft Viva_image article","6194","2024-02-15 16:06:30"
"6201","https://www.victrix.ca/wp-content/uploads/2024/02/apps-microsoft-viva-1.png","png","Apps Microsoft Viva (1)","6182","2024-02-15 16:07:01"
"6250","https://www.victrix.ca/wp-content/uploads/0206/05/guide-licences-microsoft-power-platform-1200-630.jpg","jpg","guide-licences-microsoft-power-platform-1200-630","","2024-03-15 11:21:12"
"6251","https://www.victrix.ca/wp-content/uploads/2016/07/bases-virtualisation-ebook-pdf-1200-630.jpg","jpg","bases-virtualisation-ebook-pdf-1200-630","","2024-03-15 11:34:48"
"6252","https://www.victrix.ca/wp-content/uploads/2016/07/rapport-menaces-juin-2016-1200-630.jpg","jpg","rapport-menaces-juin-2016-1200-630","","2024-03-15 11:34:52"
"6259","https://www.victrix.ca/wp-content/uploads/2023/11/blogpost-scaled.jpg","jpg","BLOGPOST","","2024-04-24 20:37:02"
"6260","https://www.victrix.ca/wp-content/uploads/2023/11/signature-mail.jpg","jpg","SIGNATURE MAIL","","2024-04-24 20:38:21"
"6267","https://www.victrix.ca/wp-content/uploads/2023/11/ransomware-e1701148187185-1024x741-1.jpg","jpg","ransomware-e1701148187185-1024x741","6116","2024-04-26 11:05:41"
"6268","https://www.victrix.ca/wp-content/uploads/2024/02/microsoft-viva_image-article-1024x623-1.jpg","jpg","microsoft-viva_image-article-1024x623","6182","2024-04-26 11:05:46"
"6269","https://www.victrix.ca/wp-content/uploads/2023/11/sase-victrix-1024x576-1.jpg","jpg","sase-victrix-1024x576","5883","2024-04-26 11:05:50"
"6279","https://www.victrix.ca/wp-content/uploads/2024/05/powerplatform.jpg","jpg","PowerPlatform","6276","2024-05-03 19:24:15"
"6293","https://www.victrix.ca/wp-content/uploads/2024/05/toolkit-powerplatform.png","png","Toolkit-PowerPlatform","6276","2024-05-03 20:44:55"
"6296","https://www.victrix.ca/wp-content/uploads/2024/05/power_platform_image-article.png","png","Power_Platform_image article","6276","2024-05-03 21:17:17"
"6302","https://www.victrix.ca/wp-content/uploads/0206/05/victrix-fr4x.png","png","VICTRIX FR logo","","2024-05-06 16:33:00"
"6303","https://www.victrix.ca/wp-content/uploads/0206/05/cropped-victrix-fr4x.png","png","VICTRIX FR@4x","6302","2024-05-06 16:33:17"
"6425","https://www.victrix.ca/wp-content/uploads/2024/08/image009.png","png","AWS logo","","2024-08-05 16:19:31"
"6426","https://www.victrix.ca/wp-content/uploads/2024/08/image010.png","png","Microsoft logo","","2024-08-05 16:20:27"
"6427","https://www.victrix.ca/wp-content/uploads/2024/08/image011.png","png","Open AI logo","","2024-08-05 16:24:44"
"6428","https://www.victrix.ca/wp-content/uploads/2024/08/image012.png","png","Anthropic logo","","2024-08-05 16:25:15"
"6429","https://www.victrix.ca/wp-content/uploads/2024/08/image013.png","png","Mistral AI logo","","2024-08-05 16:25:42"
"6430","https://www.victrix.ca/wp-content/uploads/2024/08/1681142315open-ai-logo.webp","webp","OpenAI logo","","2024-08-05 16:28:39"
"6431","https://www.victrix.ca/wp-content/uploads/2024/08/image008.png","png","Intelligence artificielle","","2024-08-05 16:30:36"
"6432","https://www.victrix.ca/wp-content/uploads/2024/08/istock-1494104649-scaled.jpg","jpg","AI","","2024-08-05 16:46:21"
"6433","https://www.victrix.ca/wp-content/uploads/2024/08/image014.jpg","jpg","Mario Perron","","2024-08-06 10:54:15"
"6434","https://www.victrix.ca/wp-content/uploads/2024/08/image015.jpg","jpg","Olivier Maltais","","2024-08-06 11:00:08"
"6435","https://www.victrix.ca/wp-content/uploads/2024/08/image012-1.png","png","Anthropic Logo","","2024-08-06 11:32:04"
"6436","https://www.victrix.ca/wp-content/uploads/2024/08/image015-1.jpg","jpg","Olivier Maltais","","2024-08-06 11:32:32"
"6437","https://www.victrix.ca/wp-content/uploads/2024/08/image014-1.jpg","jpg","Mario Perron","","2024-08-06 11:33:18"
"6438","https://www.victrix.ca/wp-content/uploads/2024/08/image016.png","png","5 axes stratégiques","","2024-08-06 11:35:24"
"6478","https://www.victrix.ca/wp-content/uploads/2024/08/power_platform_image-article.png","png","power_platform_image-article","6299","2024-08-15 16:46:33"
"6498","https://www.victrix.ca/wp-content/uploads/2024/08/image-2-1-scaled.jpg","jpg","Questions reponses","6306","2024-09-09 21:39:06"
"6499","https://www.victrix.ca/wp-content/uploads/2024/09/image-1-v2-1-scaled.jpg","jpg","Loi 25","6306","2024-09-09 21:39:54"
"6508","https://www.victrix.ca/wp-content/uploads/2024/09/law25.jpg","jpg","Law 25","6505","2024-09-10 19:00:05"
"6512","https://www.victrix.ca/wp-content/uploads/2024/09/faq-law-25.jpg","jpg","FAQ Law 25","6505","2024-09-10 19:22:38"
"6521","https://www.victrix.ca/wp-content/uploads/2024/09/image-landing-page-victrix.jpg","jpg","Image - Landing page Victrix","6520","2024-09-16 16:07:54"
"6543","https://www.victrix.ca/wp-content/uploads/2024/09/design-sans-titre-7.jpg","jpg","IoT","6532","2024-09-30 22:25:27"
"6547","https://www.victrix.ca/wp-content/uploads/2024/09/design-sans-titre-7-1.jpg","jpg","Iot security","6545","2024-09-30 22:39:55"
"6570","https://www.victrix.ca/wp-content/uploads/2024/10/group-successful-business-team-workplace-scaled.jpg","jpg","group-successful-business-team-workplace","6563","2024-10-07 21:47:55"
"6571","https://www.victrix.ca/wp-content/uploads/2024/10/computationally-intensive-tasks-servers-scaled.jpg","jpg","Computationally intensive tasks servers","6563","2024-10-07 21:48:27"
"6583","https://www.victrix.ca/wp-content/uploads/2024/10/computationally-intensive-tasks-servers-1-scaled.jpg","jpg","Computationally intensive tasks servers","6582","2024-10-08 19:31:39"
"6586","https://www.victrix.ca/wp-content/uploads/2024/10/group-successful-business-team-workplace-1-scaled.jpg","jpg","group-successful-business-team-workplace","6582","2024-10-08 19:38:58"
"6590","https://www.victrix.ca/wp-content/uploads/2024/10/business-corporate-protection-safety-security-concept-scaled.jpg","jpg","Business Corporate Protection Safety Security Concept","6577","2024-10-08 19:43:36"
"6595","https://www.victrix.ca/wp-content/uploads/2024/10/yellow-question-mark-scaled.jpg","jpg","yellow-question-mark","6577","2024-10-09 15:52:38"
"6602","https://www.victrix.ca/wp-content/uploads/2024/10/business-corporate-protection-safety-security-concept-1-scaled.jpg","jpg","Business Corporate Protection Safety Security Concept","6599","2024-10-09 16:13:44"
"6604","https://www.victrix.ca/wp-content/uploads/2024/10/yellow-question-mark-1-scaled.jpg","jpg","yellow-question-mark","6599","2024-10-09 16:14:44"
"6621","https://www.victrix.ca/wp-content/uploads/2024/10/programming-background-with-person-working-with-codes-computer-scaled.jpg","jpg","programming-background-with-person-working-with-codes-computer","6614","2024-10-17 22:37:46"
"6623","https://www.victrix.ca/wp-content/uploads/2024/10/portrait-hacker-scaled.jpg","jpg","portrait-hacker","6614","2024-10-17 22:38:52"
"6624","https://www.victrix.ca/wp-content/uploads/2024/10/online-security-dark-background-3d-illustration-scaled.jpg","jpg","Online security dark background. 3d illustration","6614","2024-10-17 22:39:38"
"6633","https://www.victrix.ca/wp-content/uploads/2024/10/programming-background-with-person-working-with-codes-computer-1-scaled.jpg","jpg","programming-background-with-person-working-with-codes-computer","6631","2024-10-17 22:50:31"
"6634","https://www.victrix.ca/wp-content/uploads/2024/10/portrait-hacker-1-scaled.jpg","jpg","portrait-hacker","6631","2024-10-17 22:52:21"
"6635","https://www.victrix.ca/wp-content/uploads/2024/10/online-security-dark-background-3d-illustration-1-scaled.jpg","jpg","Online security dark background. 3d illustration","6631","2024-10-17 22:52:46"
"6655","https://www.victrix.ca/wp-content/uploads/2024/11/pawel-czerwinski-ercq81kax9g-unsplash-scaled.jpg","jpg","concept background riche","","2024-11-11 15:13:16"
"6656","https://www.victrix.ca/wp-content/uploads/2024/11/servicenow-logo.png","png","Servicenow logo","","2024-11-11 16:08:56"
"6657","https://www.victrix.ca/wp-content/uploads/2024/11/servicenow-victrix.png","png","Servicenow victrix","","2024-11-11 18:04:17"
"6658","https://www.victrix.ca/wp-content/uploads/2024/11/banniere-victrix-x-service-now.png","png","Banniere victrix x service now","","2024-11-11 19:27:49"
"6659","https://www.victrix.ca/wp-content/uploads/2024/11/banniere-victrix-x-service-now-1.png","png","Banniere victrix x service now","","2024-11-11 19:39:23"
"6676","https://www.victrix.ca/wp-content/uploads/2024/11/dominic-lajoie.jpg","jpg","dominic lajoie","6675","2024-11-14 16:26:12"
"6679","https://www.victrix.ca/wp-content/uploads/2024/11/dominic-lajoie-1.jpg","jpg","dominic lajoie (1)","6675","2024-11-14 18:40:28"
"6681","https://www.victrix.ca/wp-content/uploads/2024/11/dominic-lajoie-1-1.jpg","jpg","dominic lajoie (1)","6675","2024-11-14 18:41:12"
"6709","https://www.victrix.ca/wp-content/uploads/0206/05/iot-et-aiops-avec-victrix-check-point.pdf","pdf","IoT et AIOps avec Victrix Check Point","","2024-11-21 17:21:08"
"6719","https://www.victrix.ca/wp-content/uploads/2024/11/articleeeee.jpg","jpg","?","","2024-11-27 10:02:47"
"6728","https://www.victrix.ca/wp-content/uploads/2024/11/design-sans-titre-3.png","png","NIS2","6713","2024-11-27 10:25:13"
"6729","https://www.victrix.ca/wp-content/uploads/2024/11/design-sans-titre.jpg","jpg","NIS2 Directive","6713","2024-11-27 10:26:59"
"6731","https://www.victrix.ca/wp-content/uploads/2024/11/administrations-publiques.jpg","jpg","Administrations publiques","6713","2024-11-27 10:42:05"
"6732","https://www.victrix.ca/wp-content/uploads/2024/11/eaux-potables.png","png","Eaux potables","6713","2024-11-27 10:45:01"
"6733","https://www.victrix.ca/wp-content/uploads/2024/11/eaux-usees.jpg","jpg","Eaux usées","6713","2024-11-27 10:45:47"
"6734","https://www.victrix.ca/wp-content/uploads/2024/11/secteur-des-energies.png","png","Secteur des énergies","6713","2024-11-27 10:50:18"
"6735","https://www.victrix.ca/wp-content/uploads/2024/11/espace.png","png","Espace","6713","2024-11-27 10:50:27"
"6736","https://www.victrix.ca/wp-content/uploads/2024/11/gestion-des-services-ti-et-de-la-communication-interentreprises.png","png","Gestion des services TI et de la communication (interentreprises)","6713","2024-11-27 10:50:36"
"6737","https://www.victrix.ca/wp-content/uploads/2024/11/infrastructures-des-marches-financiers.png","png","Infrastructures des marchés financiers","6713","2024-11-27 10:50:54"
"6738","https://www.victrix.ca/wp-content/uploads/2024/11/infrastructures-numeriques.png","png","Infrastructures numériques","6713","2024-11-27 10:51:05"
"6739","https://www.victrix.ca/wp-content/uploads/2024/11/etablissements-de-sante.png","png","Établissements de santé","6713","2024-11-27 10:51:09"
"6740","https://www.victrix.ca/wp-content/uploads/2024/11/secteur-bancaire.png","png","Secteur bancaire","6713","2024-11-27 10:51:16"
"6741","https://www.victrix.ca/wp-content/uploads/2024/11/transports.png","png","Transports","6713","2024-11-27 10:51:20"
"6742","https://www.victrix.ca/wp-content/uploads/2024/11/fabrication-production-et-distribution-de-produits-chimiques.png","png","Fabrication, production et distribution de produits chimiques","6713","2024-11-27 10:51:26"
"6743","https://www.victrix.ca/wp-content/uploads/2024/11/fournisseurs-de-services-numeriques.png","png","Fournisseurs de services numériques","6713","2024-11-27 10:51:29"
"6744","https://www.victrix.ca/wp-content/uploads/2024/11/gestion-des-dechets.png","png","Gestion des déchets","6713","2024-11-27 10:51:35"
"6745","https://www.victrix.ca/wp-content/uploads/2024/11/industrie-manufacturiere.png","png","Industrie manufacturière","6713","2024-11-27 10:51:52"
"6746","https://www.victrix.ca/wp-content/uploads/2024/11/production-transformation-et-distribution-de-denrees-alimentaires.png","png","Production, transformation et distribution de denrées alimentaires","6713","2024-11-27 10:51:59"
"6747","https://www.victrix.ca/wp-content/uploads/2024/11/recherche.png","png","Recherche","6713","2024-11-27 10:52:07"
"6748","https://www.victrix.ca/wp-content/uploads/2024/11/services-postaux-et-dexpedition.png","png","Services postaux et d'expédition","6713","2024-11-27 10:52:18"
"6751","https://www.victrix.ca/wp-content/uploads/2024/11/ampoule.jpg","jpg","Ampoule","6713","2024-11-27 16:27:01"
"6775","https://www.victrix.ca/wp-content/uploads/2024/12/design-sans-titre-2.jpg","jpg","Victrix IOT","6767","2024-12-03 23:31:01"
"6779","https://www.victrix.ca/wp-content/uploads/2024/12/design-sans-titre-3.jpg","jpg","Victrix IOT","6777","2024-12-03 23:43:30"
"6897","https://www.victrix.ca/wp-content/uploads/2025/01/optical-fiber-background-scaled.jpg","jpg","optical-fiber-background","6895","2025-01-17 20:56:11"
"6968","https://www.victrix.ca/wp-content/uploads/2025/01/webinaire-microsoft-copilot-__banniere-mailing-rediffusion.png","png","Webinaire - Microsoft Copilot __Bannière Mailing (Rediffusion)","6938","2025-01-29 17:55:20"
"6979","https://www.victrix.ca/wp-content/uploads/0206/05/webinaire-demystifier-copilot.pdf","pdf","Webinaire - Démystifier Copilot","","2025-01-30 21:50:03"
"7044","https://www.victrix.ca/wp-content/uploads/2025/03/design-sans-titre.png","png","Nomination","7042","2025-03-04 23:04:41"
"7059","https://www.victrix.ca/wp-content/uploads/2025/03/design-sans-titre-1.png","png","Nomination CEO victrix","7046","2025-03-11 15:56:59"
"7077","https://www.victrix.ca/wp-content/uploads/2025/03/plan-de-travail-1.jpg","jpg","Plan de travail 1","","2025-03-14 16:07:38"
"7228","https://www.victrix.ca/wp-content/uploads/2025/05/victrix_automation-statistics.png","png","Victrix_Automation statistics","7226","2025-05-07 19:11:11"
"7230","https://www.victrix.ca/wp-content/uploads/2025/05/victrix_infograhic-itom-servicenow.png","png","Victrix_Infograhic itom servicenow","7226","2025-05-07 19:22:25"
"7231","https://www.victrix.ca/wp-content/uploads/2025/05/victrix_diagramme-venn-itsmitom-victrix.png","png","Victrix_Diagramme VENN ITSMITOM Victrix","7226","2025-05-07 19:22:28"
"7232","https://www.victrix.ca/wp-content/uploads/2025/05/victrix_automation-statistics-fr.png","png","Victrix_Automation statistics FR","7216","2025-05-07 19:24:33"
"7233","https://www.victrix.ca/wp-content/uploads/2025/05/victrix_diagramme-venn-itsmitom-victrix-fr.png","png","Victrix_Diagramme VENN ITSMITOM Victrix FR","7216","2025-05-07 19:24:36"
"7234","https://www.victrix.ca/wp-content/uploads/2025/05/victrix_infograhic-itom-servicenow-fr.png","png","Victrix_Infograhic itom servicenow FR","7216","2025-05-07 19:24:39"
"3502","https://www.victrix.ca/wp-content/uploads/0206/05/victrix-x-sg.png","png","VICTRIX X SG","","2022-06-23 08:41:45"
"3503","https://www.victrix.ca/wp-content/uploads/0206/05/victrix_sg_color_victrix-white.png","png","VICTRIX_SG_COLOR_VICTRIX WHITE","","2022-06-23 08:41:47"
"3504","https://www.victrix.ca/wp-content/uploads/0206/05/vic-374x66-1.png","png","VIC 374x66","","2022-06-23 14:50:33"
"7269","https://www.victrix.ca/wp-content/uploads/2025/07/cover-article-victrix.jpg","jpg","Cover article Victrix","","2025-07-04 18:48:00"
"7275","https://www.victrix.ca/wp-content/uploads/2025/03/mailing-offre-victrix_agent-intelligent-01.png","png","Mailing offre Victrix_Agent intelligent-01","7101","2025-07-04 19:46:32"
"7279","https://www.victrix.ca/wp-content/uploads/2025/03/mailing-offre-victrix_agent-intelligent-03.png","png","Mailing offre Victrix_Agent intelligent-03","7101","2025-07-04 20:31:50"
"7280","https://www.victrix.ca/wp-content/uploads/2025/03/mailing-offre-victrix_agent-intelligent-04-2.png","png","Mailing offre Victrix_Agent intelligent-04 (2)","7101","2025-07-04 20:53:09"
"7281","https://www.victrix.ca/wp-content/uploads/2025/03/mailing-offre-victrix_agent-intelligent-05.png","png","Mailing offre Victrix_Agent intelligent-05","7101","2025-07-04 20:53:16"
"7291","https://www.victrix.ca/wp-content/uploads/2025/03/banniere-article-victrix.png","png","Banniere article Victrix","7106","2025-07-04 22:52:26"
"7301","https://www.victrix.ca/wp-content/uploads/2025/07/soc-functions-1.png","png","SOC functions","7294","2025-07-10 17:39:28"
"7307","https://www.victrix.ca/wp-content/uploads/2025/07/equipe-soc.png","png","équipe SOC","7294","2025-07-10 19:16:45"
"7310","https://www.victrix.ca/wp-content/uploads/2025/07/diagramme-circulaire-des-modeles-operationnels-du-soc.png","png","Diagramme circulaire des modèles opérationnels du SOC","7294","2025-07-10 19:35:23"
"7322","https://www.victrix.ca/wp-content/uploads/2025/07/soc-functions-2.png","png","SOC functions","7320","2025-07-10 21:32:33"
"7325","https://www.victrix.ca/wp-content/uploads/2025/07/soc-team.png","png","SOC team","7320","2025-07-10 21:49:32"
"7328","https://www.victrix.ca/wp-content/uploads/2025/07/soc-target-operating-models-pie-chart.png","png","SOC target operating models pie chart","7320","2025-07-10 22:09:58"
"3506","https://www.victrix.ca/wp-content/uploads/2022/02/services-infonuagiques-pour-entreprise.jpg","jpg","","","2022-06-23 15:10:29"
"3507","https://www.victrix.ca/wp-content/uploads/0206/05/securite-informatique-pour-entreprise.jpg","jpg","","","2022-06-23 15:26:41"
"3509","https://www.victrix.ca/wp-content/uploads/2022/02/gestion-des-processus-et-productivite.jpg","jpg","","","2022-06-23 17:42:18"
"3511","https://www.victrix.ca/wp-content/uploads/2022/03/fournisseur-de-services-geres-ti.jpg","jpg","","","2022-06-23 17:45:17"
"3537","https://www.victrix.ca/wp-content/uploads/2022/05/it-managed-services-provider-montreal.jpg","jpg","","","2022-07-01 10:01:10"
"3578","https://www.victrix.ca/wp-content/uploads/2022/05/victrix_logos_victrix-color-e1657730368171.png","png","VICTRIX_LOGOS_VICTRIX COLOR","","2022-07-13 18:37:10"
"3579","https://www.victrix.ca/wp-content/uploads/2022/05/victrix_logos_victrix-white.png","png","VICTRIX_LOGOS_VICTRIX WHITE","","2022-07-13 18:37:16"
"3598","https://www.victrix.ca/wp-content/uploads/2022/05/agoralimentaires-et-boissons.pdf","pdf","agoralimentaires et boissons","","2022-07-19 17:35:39"
"3599","https://www.victrix.ca/wp-content/uploads/2022/05/teaser-services-geres.pdf","pdf","teaser services gérés","","2022-07-19 17:35:40"
"3699","https://www.victrix.ca/wp-content/uploads/2022/09/banque-postale-logo-e1662489274392.png","png","banque postale logo","3674","2022-09-06 20:33:00"
"3797","https://www.victrix.ca/wp-content/uploads/2022/10/image-ostudio.jpg","jpg","IMAGE OSTUDIO","3674","2022-10-13 10:17:36"
"3798","https://www.victrix.ca/wp-content/uploads/2022/10/logo-ostudio-e1665650581352.png","png","Logo OSTUDIO","3674","2022-10-13 10:29:01"
"3820","https://www.victrix.ca/wp-content/uploads/0206/05/pictooutils.svg","svg","PictoOUTILS","","2022-10-13 11:46:51"
"3821","https://www.victrix.ca/wp-content/uploads/0206/05/pictosolution.svg","svg","PictoSOLUTION","","2022-10-13 11:46:52"
"3822","https://www.victrix.ca/wp-content/uploads/0206/05/pictovaleur.svg","svg","PictoVALEUR","","2022-10-13 11:46:53"
"3824","https://www.victrix.ca/wp-content/uploads/0206/05/logo-ostudio.svg","svg","Logo OSTUDIO","","2022-10-13 12:21:23"
"3826","https://www.victrix.ca/wp-content/uploads/0206/05/priorite.png","png","Priorité","3674","2022-10-13 12:29:21"
"3827","https://www.victrix.ca/wp-content/uploads/0206/05/background-methodologie.png","png","BACKGROUND METHODOLOGIE","","2022-10-13 14:03:37"
"3828","https://www.victrix.ca/wp-content/uploads/0206/05/power-suite.png","png","Power SUITE","","2022-10-13 14:05:43"
"3829","https://www.victrix.ca/wp-content/uploads/0206/05/siege-la-banque-postale.jpeg","jpeg","siege-la-banque-postale.jpg","3683","2022-10-13 14:14:00"
"3834","https://www.victrix.ca/wp-content/uploads/0206/05/cadrer--1.png","png","CADRER – 1","3674","2022-10-13 14:30:45"
"3835","https://www.victrix.ca/wp-content/uploads/0206/05/cadrer--2.png","png","CADRER – 2","3674","2022-10-13 14:30:48"
"3836","https://www.victrix.ca/wp-content/uploads/0206/05/cadrer--3.png","png","CADRER – 3","3674","2022-10-13 14:30:54"
"3837","https://www.victrix.ca/wp-content/uploads/0206/05/cadrer.png","png","CADRER","3674","2022-10-13 14:30:57"
"3838","https://www.victrix.ca/wp-content/uploads/0206/05/power-suite-haut.png","png","Power Suite- haut","","2022-10-13 14:54:44"
"3841","https://www.victrix.ca/wp-content/uploads/0206/05/roberto-nickson-tb_cvduhuuc-unsplash-scaled-e1665667717441.jpg","jpg","roberto-nickson-TB_cvdUHUuc-unsplash","3674","2022-10-13 15:17:04"
"3842","https://www.victrix.ca/wp-content/uploads/0206/05/zan-x_jsi_9hl7o-unsplash-scaled.jpg","jpg","Productivité pour entreprise","3674","2022-10-13 15:17:13"
"3843","https://www.victrix.ca/wp-content/uploads/0206/05/magnet-me-315vpgsafuk-unsplash-scaled.jpg","jpg","employée heureuse devant sont mac","3674","2022-10-13 15:17:24"
"3873","https://www.victrix.ca/wp-content/uploads/2022/10/1-scaled-e1666199091480.jpg","jpg","","3864","2022-10-19 14:54:56"
"3907","https://www.victrix.ca/wp-content/uploads/2022/10/cover-livret.png","png","Votre cybersécurité : une priorité du centre des opérations de sécurité Victrix","3864","2022-10-19 18:56:22"
"4013","https://www.victrix.ca/wp-content/uploads/0206/05/services-geres-victrix-construction.pdf","pdf","services gérés victrix construction, Victrix","","2022-10-28 18:54:38"
"7146","https://www.victrix.ca/wp-content/uploads/0206/05/m-accelerator-ytsy3pyfptc-unsplash-scaled.jpg","jpg","colleagues talking","","2025-04-28 21:42:48"
"7156","https://www.victrix.ca/wp-content/uploads/0206/05/m-accelerator-ytsy3pyfptc-unsplash-1-scaled.jpg","jpg","colleagues talking","","2025-04-28 23:59:14"
"7157","https://www.victrix.ca/wp-content/uploads/0206/05/thriday-av4jwuchry8-unsplash-1-1-scaled.jpg","jpg","Office cafeteria 5 to 7","","2025-04-29 00:02:26"
"7161","https://www.victrix.ca/wp-content/uploads/0206/05/nicolas-chap.png","png","Nicolas Chap","","2025-04-30 17:20:28"
"6868","https://www.victrix.ca/wp-content/uploads/2024/12/curved-modern-architecture-2023-11-27-05-03-43-utc-scaled.jpg","jpg","Curved Modern Architecture","","2024-12-16 16:18:06"
"6869","https://www.victrix.ca/wp-content/uploads/2024/12/modern-urban-architecture-2024-09-18-06-16-04-utc-2-scaled.jpg","jpg","Modern urban architecture","","2024-12-16 16:19:02"
"6933","https://www.victrix.ca/wp-content/uploads/2025/01/optical-fiber-background-600x600-1.jpg","jpg","optical fiber background","6932","2025-01-17 23:29:30"
"6943","https://www.victrix.ca/wp-content/uploads/2025/01/design-sans-titre-1.jpg","jpg","Copilot","6938","2025-01-24 23:20:34"
"6944","https://www.victrix.ca/wp-content/uploads/2025/01/design-sans-titre-1-1-e1737989481531.jpg","jpg","Word","6938","2025-01-24 23:21:54"
"6992","https://www.victrix.ca/wp-content/uploads/2025/02/victrix.png","png","Victrix","6991","2025-02-10 17:37:30"
"7010","https://www.victrix.ca/wp-content/uploads/2025/02/blog-banner.png","png","Blog Banner","","2025-02-10 23:18:49"
"7184","https://www.victrix.ca/wp-content/uploads/0206/05/service-now-logo.png","png","service-now-logo","","2025-05-01 00:13:05"
"7191","https://www.victrix.ca/wp-content/uploads/0206/05/logo-cask.png","png","logo CASK","","2025-05-01 17:21:11"
"7192","https://www.victrix.ca/wp-content/uploads/0206/05/logo-victrix-02.png","png","Logo Victrix","","2025-05-01 17:26:24"
"7197","https://www.victrix.ca/wp-content/uploads/0206/05/image-1.png","png","image (1)","","2025-05-02 17:20:53"
"7248","https://www.victrix.ca/wp-content/uploads/0206/05/victrix-x-cask-retour-sur-le-knowledge-2025.ics","ics","Victrix x Cask Retour sur le Knowledge 2025","","2025-05-12 18:57:18"
"7249","https://www.victrix.ca/wp-content/uploads/0206/05/victrix-x-cask-retour-sur-le-knowledge-2025-1.ics","ics","Victrix x Cask Retour sur le Knowledge 2025 (1)","","2025-05-12 21:45:15"
"7015","https://www.victrix.ca/wp-content/uploads/2025/02/blog-banner-1.png","png","Blog Banner","","2025-02-10 23:28:08"
"7018","https://www.victrix.ca/wp-content/uploads/2025/02/blog-banner-2.png","png","Blog Banner","","2025-02-10 23:33:09"
"7050","https://www.victrix.ca/wp-content/uploads/2025/03/01_template_linkedin_teccweb.png","png","01_Template_Linkedin_Teccweb","7049","2025-03-10 22:25:49"
"7065","https://www.victrix.ca/wp-content/uploads/2025/03/design-sans-titre-2.png","png","Design intelligence artificielle","7049","2025-03-11 20:54:24"
"7083","https://www.victrix.ca/wp-content/uploads/2025/03/linkedin_templates.png","png","TECHNOLOGIE","7078","2025-03-17 21:58:47"
"7104","https://www.victrix.ca/wp-content/uploads/2025/03/linkedin-carre-24.png","png","WEB FIBRE","7101","2025-03-31 19:48:58"
"7362","https://www.victrix.ca/wp-content/uploads/2025/07/cover-article_certification-iso_en-1.png","png","Banner Press Release ISO 27001 and ISO 9001","7358","2025-07-29 16:43:45"
"7364","https://www.victrix.ca/wp-content/uploads/2025/07/cover-article_certification-iso_fr-1.png","png","Bannière communiqué ISO 27001 et ISO 9001","7347","2025-07-29 16:48:33"
"7400","https://www.victrix.ca/wp-content/uploads/2025/08/image-article-exchange-se_02-2.png","png","Microsoft Exchange","7370","2025-08-04 20:14:03"
"7404","https://www.victrix.ca/wp-content/uploads/2025/08/image-article-exchange-se_01-1.png","png","Windows 10 to 11 migration","7370","2025-08-04 21:59:23"
"7427","https://www.victrix.ca/wp-content/uploads/2025/08/victrix_agc-press-release-en.png","png","Victrix_AGC Press release-EN","7415","2025-08-27 17:29:15"
"7428","https://www.victrix.ca/wp-content/uploads/2025/08/victrix_agc-press-release-01.png","png","Victrix_AGC Press release-01","7415","2025-08-27 17:29:30"
"7429","https://www.victrix.ca/wp-content/uploads/2025/08/victrix_agc-press-release-03.png","png","Victrix_AGC Press release-03","7415","2025-08-27 17:35:42"
"7431","https://www.victrix.ca/wp-content/uploads/2025/08/victrix_agc-press-release-04.png","png","Victrix_AGC Press release-04","7415","2025-08-27 17:41:47"
"7439","https://www.victrix.ca/wp-content/uploads/2025/08/victrix_agc-press-release-02-1.png","png","Bannière AGC","7415","2025-08-28 20:17:03"
"7607","https://www.victrix.ca/wp-content/uploads/2022/05/check-point-2024-logo-reversed.png","png","Check-Point-logo-blanc","","2025-10-17 10:56:09"
"7630","https://www.victrix.ca/wp-content/uploads/2022/05/logo-victrix_blanc.png","png","Logo Victrix_Blanc","","2025-10-17 13:47:17"
"7633","https://www.victrix.ca/wp-content/uploads/2022/05/harmony-433x138px.png","png","harmony-433x138px","","2025-10-17 14:04:15"
"7634","https://www.victrix.ca/wp-content/uploads/2022/05/cloudguard-433x138px.png","png","cloudguard-433x138px","","2025-10-17 14:04:17"
"7635","https://www.victrix.ca/wp-content/uploads/2022/05/quantum-433x138px.png","png","quantum-433x138px","","2025-10-17 14:04:19"
"7638","https://www.victrix.ca/wp-content/uploads/2022/05/gartner-peer-insights-logo-white.png","png","gartner-peer-insights-logo-white","","2025-10-17 14:57:53"
"7643","https://www.victrix.ca/wp-content/uploads/2022/05/peer-insights-r-tm-rgb-for-white-bkgrnd.svg","svg","gartner peer insights logo","","2025-10-20 10:36:37"
"7693","https://www.victrix.ca/wp-content/uploads/2022/05/microsoft-logo_rgb_c-gray-1024x459-1.png","png","Microsoft-logo_rgb_c-gray-1024x459","","2025-11-05 12:58:17"
"7694","https://www.victrix.ca/wp-content/uploads/2022/05/microsoft-logo_rgb_c-wht.png","png","Microsoft-logo_rgb_c-wht","","2025-11-05 12:59:46"
"7708","https://www.victrix.ca/wp-content/uploads/2022/05/copilot-studio-logo.png","png","Copilot Studio logo","","2025-11-05 14:25:55"
"7709","https://www.victrix.ca/wp-content/uploads/2022/05/microsoft-azure-logo.png","png","Microsoft Azure logo","","2025-11-05 14:25:56"
"7710","https://www.victrix.ca/wp-content/uploads/2022/05/microsoft_power_platform_logo-svg.png","png","Microsoft_Power_Platform_logo.svg","","2025-11-05 14:25:59"
"7711","https://www.victrix.ca/wp-content/uploads/2022/05/microsoft_365_logo.png","png","Microsoft_365_logo","","2025-11-05 14:26:02"
"7712","https://www.victrix.ca/wp-content/uploads/2022/05/microsoft-dynamics.png","png","Microsoft Dynamics","","2025-11-05 14:26:04"
"7713","https://www.victrix.ca/wp-content/uploads/2022/05/microsoft_copilot_icon.png","png","Microsoft_Copilot_Icon","","2025-11-05 14:26:06"
"7714","https://www.victrix.ca/wp-content/uploads/2022/05/microsoft_dynamics_365_logo_2021present-svg.png","png","Microsoft_Dynamics_365_Logo_(2021–present).svg","","2025-11-05 14:31:01"
"7715","https://www.victrix.ca/wp-content/uploads/2022/05/microsoft-1.png","png","Microsoft (1)","","2025-11-05 15:00:18"
"7745","https://www.victrix.ca/wp-content/uploads/2022/05/logo-victrix-english_white.png","png","Logo Victrix English_White","","2025-11-07 10:56:09"
"7944","https://www.victrix.ca/wp-content/uploads/2022/05/banniere-landing-pagefete-de-fin-dannee-e1764345850761.png","png","Bannière Landing pageFete de fin d'année","","2025-11-17 11:41:23"
"7977","https://www.victrix.ca/wp-content/uploads/2022/05/logo_we-blanc.png","png","Logo_we+ Blanc","","2025-11-17 13:56:06"
"7978","https://www.victrix.ca/wp-content/uploads/2022/05/logo_victrix-blanc.png","png","Logo_Victrix Blanc","","2025-11-17 13:56:07"
"7979","https://www.victrix.ca/wp-content/uploads/2022/05/logo_teccweb-blanc.png","png","Logo_teccweb Blanc","","2025-11-17 13:56:08"
"7980","https://www.victrix.ca/wp-content/uploads/2022/05/logo_ited-blanc.png","png","Logo_Ited Blanc","","2025-11-17 13:56:10"
"7981","https://www.victrix.ca/wp-content/uploads/2022/05/logo_gurus-copy.png","png","Logo_Gurus copy","","2025-11-17 13:56:11"
"7982","https://www.victrix.ca/wp-content/uploads/2022/05/logo_ec-solutions-blanc.png","png","Logo_EC Solutions Blanc","","2025-11-17 13:56:12"
"7991","https://www.victrix.ca/wp-content/uploads/2022/05/cpkc-holiday-train-2023-scaled.jpg","jpg","CPKC-Holiday-Train-2023","","2025-11-17 15:00:03"
"7995","https://www.victrix.ca/wp-content/uploads/2022/05/woman-creating-inspiring-vision-board-top-view.jpg","jpg","woman-creating-inspiring-vision-board-top-view","","2025-11-17 15:19:58"
"7996","https://www.victrix.ca/wp-content/uploads/2022/05/women-christmas-retail-christmas-market.jpg","jpg","Women during Christmas retail on Christmas market","","2025-11-17 15:54:33"
"8015","https://www.victrix.ca/wp-content/uploads/2022/05/marshmallow-snowmen-homemade-cookies-kitchen-table-top-view.jpg","jpg","Marshmallow snowmen and homemade cookies on the kitchen table, top view.","","2025-11-18 10:09:42"
"8018","https://www.victrix.ca/wp-content/uploads/2022/05/woman-holding-holiday-themed-wreath-her-hands.jpg","jpg","woman-holding-holiday-themed-wreath-her-hands","","2025-11-18 11:04:49"
"8023","https://www.victrix.ca/wp-content/uploads/2022/05/family-enjoying-time-snow.jpg","jpg","Family enjoying time on a snow","","2025-11-18 11:37:12"
"8030","https://www.victrix.ca/wp-content/uploads/2022/05/envato-labs-image-edit.png","png","jeu de mime autour de la table entre amis","","2025-11-18 14:00:56"
"8031","https://www.victrix.ca/wp-content/uploads/2022/05/envato-labs-image-edit.webp","webp","karaoke de noel","","2025-11-18 14:34:19"
"8042","https://www.victrix.ca/wp-content/uploads/2022/05/family-celebrating-christmas-2024-11-05-11-43-46-utc.jpg","jpg","family celebrating Christmas","","2025-11-19 09:21:14"
"8054","https://www.victrix.ca/wp-content/uploads/2022/05/a-happy-family-is-standing-in-the-christmas-kitche-2025-03-26-12-03-25-utc.jpg","jpg","A happy family is standing in the Christmas kitchen and smearing each other with flour","","2025-11-19 11:51:22"
"8062","https://www.victrix.ca/wp-content/uploads/2022/05/medium-shot-people-wearing-santa-hats.jpg","jpg","medium-shot-people-wearing-santa-hats","","2025-11-19 15:29:46"
"8065","https://www.victrix.ca/wp-content/uploads/2022/05/people-group-with-snowboard-and-ski-resort-snow-wi-2024-09-17-16-27-10-utc.jpg","jpg","People Group With Snowboard And Ski Resort Snow Winter Mountain Friends Communication","","2025-11-19 16:01:51"
"8127","https://www.victrix.ca/wp-content/uploads/2022/05/bouton-landing-page_we-.png","png","Bouton landing page_We+","","2025-11-21 11:51:04"
"8128","https://www.victrix.ca/wp-content/uploads/2022/05/bouton-landing-page_teccweb.png","png","Bouton landing page_teccweb","","2025-11-21 11:51:07"
"8129","https://www.victrix.ca/wp-content/uploads/2022/05/bouton-landing-page_ited.png","png","Bouton landing page_ited","","2025-11-21 11:51:11"
"8130","https://www.victrix.ca/wp-content/uploads/2022/05/bouton-landing-page_gurus.png","png","Bouton landing page_Gurus","","2025-11-21 11:51:14"
"8131","https://www.victrix.ca/wp-content/uploads/2022/05/bouton-landing-page_ec-solutions.png","png","Bouton landing page_EC Solutions","","2025-11-21 11:51:17"
"8132","https://www.victrix.ca/wp-content/uploads/2022/05/bouton-landing-page_victrix.png","png","Bouton landing page_Victrix","","2025-11-21 11:52:26"
"8183","https://www.victrix.ca/wp-content/uploads/2022/05/banniere-landing-pagefete-de-fin-dannee-1.png","png","Bannière Landing page Fete de fin d'année","","2025-11-28 11:24:01"
"8293","https://www.victrix.ca/wp-content/uploads/2022/05/sn-logo-white-scaled.webp","webp","sn-logo-white","","2025-12-03 16:38:16"
"8318","https://www.victrix.ca/wp-content/uploads/2022/05/professional-multiethnic-young-businesspeople-work-2024-11-08-01-25-23-utc.jpg","jpg","professional multiethnic young businesspeople working with digital devices in open space office","","2025-12-03 17:02:56"
"9133","https://www.victrix.ca/wp-content/uploads/2022/05/crowdstrike_logo_2023_primary_white.png","png","CrowdStrike_Logo_2023_Primary_White","","2025-12-04 12:47:48"
"9158","https://www.victrix.ca/wp-content/uploads/2022/05/envato-labs-image-edit-3.webp","webp","cybersecurity analysts","","2025-12-04 13:06:50"
"9906","https://www.victrix.ca/wp-content/uploads/2022/05/obureau.png","png","O'Bureau","","2025-12-08 11:35:07"
"10084","https://www.victrix.ca/wp-content/uploads/2022/05/obureau-en.png","png","O'Bureau EN","","2025-12-08 14:59:50"
"10127","https://www.victrix.ca/wp-content/uploads/2022/05/7_zscaler_logo.png","png","zscaler logo","","2025-12-19 09:53:09"
"10146","https://www.victrix.ca/wp-content/uploads/2022/05/futuristic-technology-concept.jpg","jpg","la sécurité zéro confiance avec Zscaler","","2025-12-19 10:00:18"
"10653","https://www.victrix.ca/wp-content/uploads/2022/05/id8yezkxqd_1768236541241.svg","svg","cisco logo","","2026-01-12 11:50:03"
"10723","https://www.victrix.ca/wp-content/uploads/2022/05/supervisor-doing-inspection-data-center-receiving-performance-assessment.jpg","jpg","cisco data center","","2026-01-12 12:19:20"
"10953","https://www.victrix.ca/wp-content/uploads/2022/05/logo.svg","svg","Logo Palo Alto Networks","","2026-01-29 13:38:49"
"10968","https://www.victrix.ca/wp-content/uploads/2022/05/envato-labs-image-edit-1.png","png","IT specialists using Palo Alto Networks solutions","","2026-01-29 13:54:48"
"11061","https://www.victrix.ca/wp-content/uploads/2022/05/unit42-logo-rgb_color.png","png","unit 42 palo alto networks logo","","2026-01-29 14:49:21"
"11062","https://www.victrix.ca/wp-content/uploads/2022/05/strata_tagline_logo_rgb.png","png","Logo Strata Palo Alto Networks","","2026-01-29 14:49:23"
"7573","https://www.victrix.ca/wp-content/uploads/2025/09/copilot-du-buzz-a-limpact-reel_support-presentation_2025-09-25_compressed.pdf","pdf","copilot-du-buzz-a-limpact-reel_support-presentation_2025-09-25_compressed","","2025-09-26 10:09:28"
"11063","https://www.victrix.ca/wp-content/uploads/2022/05/prisma-primary.png","png","Prisma Palo Alto Networks","","2026-01-29 14:49:26"
"11064","https://www.victrix.ca/wp-content/uploads/2022/05/cortex-primary.png","png","Logo cortex Palo Alto Networks","","2026-01-29 14:49:28"
"11908","https://www.victrix.ca/wp-content/uploads/2022/05/logo-1.svg","svg","Logo Dell Technologies blanc","","2026-02-03 15:20:29"
"11940","https://www.victrix.ca/wp-content/uploads/2022/05/industrial-plant-researchers-use-notebook-for-rese-2026-01-11-10-56-06-utc.jpg","jpg","Une équipe TI qui travaille sur des portables Dell.","","2026-02-03 15:35:02"
"12962","https://www.victrix.ca/wp-content/uploads/2022/05/hpe_main_logo.png","png","HPE_Main_Logo","","2026-02-13 14:02:02"
"12963","https://www.victrix.ca/wp-content/uploads/2022/05/hpe_light_logo.png","png","HPE Logo","","2026-02-13 14:02:27"
"13004","https://www.victrix.ca/wp-content/uploads/2022/05/male-informatic-engineer-working-inside-server-roo-2026-01-06-09-06-08-utc.jpg","jpg","Male informatic engineer working inside server room database","","2026-02-13 14:15:57"
"13037","https://www.victrix.ca/wp-content/uploads/2022/05/hpe-aruba-networking.png","png","HPE Aruba networking logo","","2026-02-13 14:20:44"
"13038","https://www.victrix.ca/wp-content/uploads/2022/05/hpe-juniper.png","png","hpe juniper Logo","","2026-02-13 14:20:45"
"14003","https://www.victrix.ca/wp-content/uploads/2022/05/o-bureau-guide-utilisateur-mars-2026.pdf","pdf","O bureau - Guide utilisateur - mars 2026","","2026-04-08 14:28:03"
"14004","https://www.victrix.ca/wp-content/uploads/2022/05/o-bureau-guide-de-gestion-de-la-solution-mars-2026.pdf","pdf","O bureau - Guide de gestion de la solution - mars 2026","","2026-04-08 14:28:04"
"14005","https://www.victrix.ca/wp-content/uploads/2022/05/o-bureau-soutien-de-la-solution-mtmd-mars-2026.pdf","pdf","O bureau - Soutien de la solution (MTMD) - mars 2026","","2026-04-08 14:28:05"
"8284","https://www.victrix.ca/wp-content/uploads/2022/05/image001.png","png","logo victrix noel","","2025-12-02 11:29:38"
"8285","https://www.victrix.ca/wp-content/uploads/2022/05/image002.png","png","image002","","2025-12-02 11:29:40"
"8286","https://www.victrix.ca/wp-content/uploads/2022/05/image003.png","png","global logo","","2025-12-02 11:29:40"
